,hour,rmse_f_b,rmse_rf_b,RMSE_test,best_parameters,elapsed
0,01:00:00,0.8312587738037109,1.0,0.183626555859507,"{'base_score': 0.5, 'booster': 'gbtree', 'colsample_bylevel': 1, 'colsample_bynode': 1, 'colsample_bytree': 1, 'gamma': 3.9364488254635166, 'importance_type': 'gain', 'learning_rate': 0.21523702932117364, 'max_delta_step': 0, 'max_depth': 16, 'min_child_weight': 1, 'missing': None, 'n_estimators': 1380, 'n_jobs': -1, 'nthread': None, 'objective': 'reg:squarederror', 'random_state': 0, 'reg_alpha': 3.5610647335639767, 'reg_lambda': 1, 'scale_pos_weight': 1, 'seed': None, 'silent': None, 'subsample': 1, 'verbosity': 1}",23.138460565000003
1,01:15:00,0.3779926300048828,0.0,0.20844726158769236,"{'base_score': 0.5, 'booster': 'gbtree', 'colsample_bylevel': 1, 'colsample_bynode': 1, 'colsample_bytree': 1, 'gamma': 1.824549175279343, 'importance_type': 'gain', 'learning_rate': 0.2838376048391101, 'max_delta_step': 0, 'max_depth': 12, 'min_child_weight': 1, 'missing': None, 'n_estimators': 1660, 'n_jobs': -1, 'nthread': None, 'objective': 'reg:squarederror', 'random_state': 0, 'reg_alpha': 4.313503864630637, 'reg_lambda': 1, 'scale_pos_weight': 1, 'seed': None, 'silent': None, 'subsample': 1, 'verbosity': 1}",32.65929539799998
2,01:30:00,0.47402000427246094,0.0,0.29640785909020967,"{'base_score': 0.5, 'booster': 'gbtree', 'colsample_bylevel': 1, 'colsample_bynode': 1, 'colsample_bytree': 1, 'gamma': 7.248416682957389, 'importance_type': 'gain', 'learning_rate': 0.23828203306399107, 'max_delta_step': 0, 'max_depth': 10, 'min_child_weight': 1, 'missing': None, 'n_estimators': 590, 'n_jobs': -1, 'nthread': None, 'objective': 'reg:squarederror', 'random_state': 0, 'reg_alpha': 6.126684591891894, 'reg_lambda': 1, 'scale_pos_weight': 1, 'seed': None, 'silent': None, 'subsample': 1, 'verbosity': 1}",49.00309395000002
3,01:45:00,0.23056983947753906,0.0,0.1264556436321278,"{'base_score': 0.5, 'booster': 'gbtree', 'colsample_bylevel': 1, 'colsample_bynode': 1, 'colsample_bytree': 1, 'gamma': 1.3597748935853804, 'importance_type': 'gain', 'learning_rate': 0.12209642939110604, 'max_delta_step': 0, 'max_depth': 16, 'min_child_weight': 1, 'missing': None, 'n_estimators': 160, 'n_jobs': -1, 'nthread': None, 'objective': 'reg:squarederror', 'random_state': 0, 'reg_alpha': 2.375682717455908, 'reg_lambda': 1, 'scale_pos_weight': 1, 'seed': None, 'silent': None, 'subsample': 1, 'verbosity': 1}",38.90557802799998
4,02:00:00,0.19449996948242188,0.0,0.1599014573278167,"{'base_score': 0.5, 'booster': 'gbtree', 'colsample_bylevel': 1, 'colsample_bynode': 1, 'colsample_bytree': 1, 'gamma': 0.6111141099896378, 'importance_type': 'gain', 'learning_rate': 0.08183517579503041, 'max_delta_step': 0, 'max_depth': 16, 'min_child_weight': 1, 'missing': None, 'n_estimators': 750, 'n_jobs': -1, 'nthread': None, 'objective': 'reg:squarederror', 'random_state': 0, 'reg_alpha': 4.159090239894641, 'reg_lambda': 1, 'scale_pos_weight': 1, 'seed': None, 'silent': None, 'subsample': 1, 'verbosity': 1}",33.31463211700003
5,02:15:00,0.28769874572753906,0.0,0.20730314634973923,"{'base_score': 0.5, 'booster': 'gbtree', 'colsample_bylevel': 1, 'colsample_bynode': 1, 'colsample_bytree': 1, 'gamma': 2.569110563848401, 'importance_type': 'gain', 'learning_rate': 0.021977414048797474, 'max_delta_step': 0, 'max_depth': 14, 'min_child_weight': 1, 'missing': None, 'n_estimators': 1830, 'n_jobs': -1, 'nthread': None, 'objective': 'reg:squarederror', 'random_state': 0, 'reg_alpha': 3.1453160977082346, 'reg_lambda': 1, 'scale_pos_weight': 1, 'seed': None, 'silent': None, 'subsample': 1, 'verbosity': 1}",38.64290175399998
6,02:30:00,0.29604391194455826,0.0,0.19897139009584586,"{'base_score': 0.5, 'booster': 'gbtree', 'colsample_bylevel': 1, 'colsample_bynode': 1, 'colsample_bytree': 1, 'gamma': 0.7717415025219565, 'importance_type': 'gain', 'learning_rate': 0.2421419828614455, 'max_delta_step': 0, 'max_depth': 12, 'min_child_weight': 1, 'missing': None, 'n_estimators': 1400, 'n_jobs': -1, 'nthread': None, 'objective': 'reg:squarederror', 'random_state': 0, 'reg_alpha': 6.597176521619791, 'reg_lambda': 1, 'scale_pos_weight': 1, 'seed': None, 'silent': None, 'subsample': 1, 'verbosity': 1}",35.03483377600003
7,02:45:00,0.21701622009277344,0.0,0.20103359366353674,"{'base_score': 0.5, 'booster': 'gbtree', 'colsample_bylevel': 1, 'colsample_bynode': 1, 'colsample_bytree': 1, 'gamma': 2.4799561626390765, 'importance_type': 'gain', 'learning_rate': 0.26319150347202774, 'max_delta_step': 0, 'max_depth': 12, 'min_child_weight': 1, 'missing': None, 'n_estimators': 1290, 'n_jobs': -1, 'nthread': None, 'objective': 'reg:squarederror', 'random_state': 0, 'reg_alpha': 3.221553934033371, 'reg_lambda': 1, 'scale_pos_weight': 1, 'seed': None, 'silent': None, 'subsample': 1, 'verbosity': 1}",30.18469229599998
8,03:00:00,0.4125995635986328,0.0,0.28339629936683064,"{'base_score': 0.5, 'booster': 'gbtree', 'colsample_bylevel': 1, 'colsample_bynode': 1, 'colsample_bytree': 1, 'gamma': 5.7405725432651415, 'importance_type': 'gain', 'learning_rate': 0.05939301434754483, 'max_delta_step': 0, 'max_depth': 12, 'min_child_weight': 1, 'missing': None, 'n_estimators': 1170, 'n_jobs': -1, 'nthread': None, 'objective': 'reg:squarederror', 'random_state': 0, 'reg_alpha': 4.210064005342827, 'reg_lambda': 1, 'scale_pos_weight': 1, 'seed': None, 'silent': None, 'subsample': 1, 'verbosity': 1}",43.60368566
9,03:15:00,0.25681304931640625,0.0,0.19200311178437585,"{'base_score': 0.5, 'booster': 'gbtree', 'colsample_bylevel': 1, 'colsample_bynode': 1, 'colsample_bytree': 1, 'gamma': 3.802348050761666, 'importance_type': 'gain', 'learning_rate': 0.16875060845336434, 'max_delta_step': 0, 'max_depth': 16, 'min_child_weight': 1, 'missing': None, 'n_estimators': 900, 'n_jobs': -1, 'nthread': None, 'objective': 'reg:squarederror', 'random_state': 0, 'reg_alpha': 0.25752527709870315, 'reg_lambda': 1, 'scale_pos_weight': 1, 'seed': None, 'silent': None, 'subsample': 1, 'verbosity': 1}",40.98936732300001
10,03:30:00,0.3309135437011719,0.0,0.19180500967974207,"{'base_score': 0.5, 'booster': 'gbtree', 'colsample_bylevel': 1, 'colsample_bynode': 1, 'colsample_bytree': 1, 'gamma': 4.14783723162838, 'importance_type': 'gain', 'learning_rate': 0.19253973404953453, 'max_delta_step': 0, 'max_depth': 14, 'min_child_weight': 1, 'missing': None, 'n_estimators': 1740, 'n_jobs': -1, 'nthread': None, 'objective': 'reg:squarederror', 'random_state': 0, 'reg_alpha': 2.350846380142122, 'reg_lambda': 1, 'scale_pos_weight': 1, 'seed': None, 'silent': None, 'subsample': 1, 'verbosity': 1}",36.42364683800008
11,03:45:00,0.3436603546142578,0.0,0.1959209805948692,"{'base_score': 0.5, 'booster': 'gbtree', 'colsample_bylevel': 1, 'colsample_bynode': 1, 'colsample_bytree': 1, 'gamma': 4.490494796155346, 'importance_type': 'gain', 'learning_rate': 0.09927497943020329, 'max_delta_step': 0, 'max_depth': 10, 'min_child_weight': 1, 'missing': None, 'n_estimators': 320, 'n_jobs': -1, 'nthread': None, 'objective': 'reg:squarederror', 'random_state': 0, 'reg_alpha': 2.518902750847781, 'reg_lambda': 1, 'scale_pos_weight': 1, 'seed': None, 'silent': None, 'subsample': 1, 'verbosity': 1}",30.059355867000022
12,04:00:00,0.4271354675292969,0.0,0.24295185340892184,"{'base_score': 0.5, 'booster': 'gbtree', 'colsample_bylevel': 1, 'colsample_bynode': 1, 'colsample_bytree': 1, 'gamma': 1.941951758162297, 'importance_type': 'gain', 'learning_rate': 0.12235273688355026, 'max_delta_step': 0, 'max_depth': 12, 'min_child_weight': 1, 'missing': None, 'n_estimators': 840, 'n_jobs': -1, 'nthread': None, 'objective': 'reg:squarederror', 'random_state': 0, 'reg_alpha': 10.12444560751637, 'reg_lambda': 1, 'scale_pos_weight': 1, 'seed': None, 'silent': None, 'subsample': 1, 'verbosity': 1}",33.587665961000084
13,04:15:00,0.2624626159667969,0.0,0.1358923524997803,"{'base_score': 0.5, 'booster': 'gbtree', 'colsample_bylevel': 1, 'colsample_bynode': 1, 'colsample_bytree': 1, 'gamma': 2.1268030470893673, 'importance_type': 'gain', 'learning_rate': 0.13342040995846377, 'max_delta_step': 0, 'max_depth': 16, 'min_child_weight': 1, 'missing': None, 'n_estimators': 40, 'n_jobs': -1, 'nthread': None, 'objective': 'reg:squarederror', 'random_state': 0, 'reg_alpha': 0.036537469033338814, 'reg_lambda': 1, 'scale_pos_weight': 1, 'seed': None, 'silent': None, 'subsample': 1, 'verbosity': 1}",32.132523977000005
14,04:30:00,0.09029769897460938,0.0,0.05563751138893763,"{'base_score': 0.5, 'booster': 'gbtree', 'colsample_bylevel': 1, 'colsample_bynode': 1, 'colsample_bytree': 1, 'gamma': 0.5300021321828363, 'importance_type': 'gain', 'learning_rate': 0.24057660311311227, 'max_delta_step': 0, 'max_depth': 14, 'min_child_weight': 1, 'missing': None, 'n_estimators': 1410, 'n_jobs': -1, 'nthread': None, 'objective': 'reg:squarederror', 'random_state': 0, 'reg_alpha': 0.42051231299033354, 'reg_lambda': 1, 'scale_pos_weight': 1, 'seed': None, 'silent': None, 'subsample': 1, 'verbosity': 1}",40.91582065399996
15,04:45:00,0.40382957458496094,0.0,0.24017954707240896,"{'base_score': 0.5, 'booster': 'gbtree', 'colsample_bylevel': 1, 'colsample_bynode': 1, 'colsample_bytree': 1, 'gamma': 2.593461688305856, 'importance_type': 'gain', 'learning_rate': 0.12434149726348062, 'max_delta_step': 0, 'max_depth': 14, 'min_child_weight': 1, 'missing': None, 'n_estimators': 1950, 'n_jobs': -1, 'nthread': None, 'objective': 'reg:squarederror', 'random_state': 0, 'reg_alpha': 6.7585861940166945, 'reg_lambda': 1, 'scale_pos_weight': 1, 'seed': None, 'silent': None, 'subsample': 1, 'verbosity': 1}",37.809593852000035
16,05:00:00,0.2174835205078125,0.0,0.12253813255151981,"{'base_score': 0.5, 'booster': 'gbtree', 'colsample_bylevel': 1, 'colsample_bynode': 1, 'colsample_bytree': 1, 'gamma': 0.1968596396575839, 'importance_type': 'gain', 'learning_rate': 0.12007335131551283, 'max_delta_step': 0, 'max_depth': 12, 'min_child_weight': 1, 'missing': None, 'n_estimators': 1510, 'n_jobs': -1, 'nthread': None, 'objective': 'reg:squarederror', 'random_state': 0, 'reg_alpha': 5.248955774323792, 'reg_lambda': 1, 'scale_pos_weight': 1, 'seed': None, 'silent': None, 'subsample': 1, 'verbosity': 1}",35.38702545199999
17,05:15:00,0.21796035766601562,0.0,0.11644389031929016,"{'base_score': 0.5, 'booster': 'gbtree', 'colsample_bylevel': 1, 'colsample_bynode': 1, 'colsample_bytree': 1, 'gamma': 1.996413747366701, 'importance_type': 'gain', 'learning_rate': 0.0520744984526214, 'max_delta_step': 0, 'max_depth': 12, 'min_child_weight': 1, 'missing': None, 'n_estimators': 1370, 'n_jobs': -1, 'nthread': None, 'objective': 'reg:squarederror', 'random_state': 0, 'reg_alpha': 0.8862815850004664, 'reg_lambda': 1, 'scale_pos_weight': 1, 'seed': None, 'silent': None, 'subsample': 1, 'verbosity': 1}",28.019072953999967
18,05:30:00,0.5038700103759766,1.0,0.22233840652638648,"{'base_score': 0.5, 'booster': 'gbtree', 'colsample_bylevel': 1, 'colsample_bynode': 1, 'colsample_bytree': 1, 'gamma': 1.059000207437033, 'importance_type': 'gain', 'learning_rate': 0.14171536217201572, 'max_delta_step': 0, 'max_depth': 16, 'min_child_weight': 1, 'missing': None, 'n_estimators': 1780, 'n_jobs': -1, 'nthread': None, 'objective': 'reg:squarederror', 'random_state': 0, 'reg_alpha': 12.805320988379743, 'reg_lambda': 1, 'scale_pos_weight': 1, 'seed': None, 'silent': None, 'subsample': 1, 'verbosity': 1}",34.08772108000005
19,05:45:00,0.45783424377441406,0.0,0.2641335836305212,"{'base_score': 0.5, 'booster': 'gbtree', 'colsample_bylevel': 1, 'colsample_bynode': 1, 'colsample_bytree': 1, 'gamma': 6.821549736930843, 'importance_type': 'gain', 'learning_rate': 0.22410462728065458, 'max_delta_step': 0, 'max_depth': 18, 'min_child_weight': 1, 'missing': None, 'n_estimators': 730, 'n_jobs': -1, 'nthread': None, 'objective': 'reg:squarederror', 'random_state': 0, 'reg_alpha': 6.5752873680520825, 'reg_lambda': 1, 'scale_pos_weight': 1, 'seed': None, 'silent': None, 'subsample': 1, 'verbosity': 1}",28.116210873
20,06:00:00,0.452880859375,0.0,0.27896650539201595,"{'base_score': 0.5, 'booster': 'gbtree', 'colsample_bylevel': 1, 'colsample_bynode': 1, 'colsample_bytree': 1, 'gamma': 3.468712081951292, 'importance_type': 'gain', 'learning_rate': 0.2665202730985379, 'max_delta_step': 0, 'max_depth': 16, 'min_child_weight': 1, 'missing': None, 'n_estimators': 1530, 'n_jobs': -1, 'nthread': None, 'objective': 'reg:squarederror', 'random_state': 0, 'reg_alpha': 8.05116470023967, 'reg_lambda': 1, 'scale_pos_weight': 1, 'seed': None, 'silent': None, 'subsample': 1, 'verbosity': 1}",27.561304124999992
21,06:15:00,0.4177207946777344,0.0,0.2800005862597169,"{'base_score': 0.5, 'booster': 'gbtree', 'colsample_bylevel': 1, 'colsample_bynode': 1, 'colsample_bytree': 1, 'gamma': 2.5120068115120175, 'importance_type': 'gain', 'learning_rate': 0.17609637584013124, 'max_delta_step': 0, 'max_depth': 12, 'min_child_weight': 1, 'missing': None, 'n_estimators': 310, 'n_jobs': -1, 'nthread': None, 'objective': 'reg:squarederror', 'random_state': 0, 'reg_alpha': 9.880853764702916, 'reg_lambda': 1, 'scale_pos_weight': 1, 'seed': None, 'silent': None, 'subsample': 1, 'verbosity': 1}",25.314463568000065
22,06:30:00,0.38134183457262216,0.48304589153964794,0.28489991704277245,"{'base_score': 0.5, 'booster': 'gbtree', 'colsample_bylevel': 1, 'colsample_bynode': 1, 'colsample_bytree': 1, 'gamma': 5.372231938104459, 'importance_type': 'gain', 'learning_rate': 0.20584694720976063, 'max_delta_step': 0, 'max_depth': 10, 'min_child_weight': 1, 'missing': None, 'n_estimators': 650, 'n_jobs': -1, 'nthread': None, 'objective': 'reg:squarederror', 'random_state': 0, 'reg_alpha': 2.6496388813836984, 'reg_lambda': 1, 'scale_pos_weight': 1, 'seed': None, 'silent': None, 'subsample': 1, 'verbosity': 1}",32.49646117899999
23,06:45:00,0.24219608178619656,0.18257418583505536,0.3316743574969696,"{'base_score': 0.5, 'booster': 'gbtree', 'colsample_bylevel': 1, 'colsample_bynode': 1, 'colsample_bytree': 1, 'gamma': 3.590976873736179, 'importance_type': 'gain', 'learning_rate': 0.05213358317672752, 'max_delta_step': 0, 'max_depth': 10, 'min_child_weight': 1, 'missing': None, 'n_estimators': 560, 'n_jobs': -1, 'nthread': None, 'objective': 'reg:squarederror', 'random_state': 0, 'reg_alpha': 0.6203903075084334, 'reg_lambda': 1, 'scale_pos_weight': 1, 'seed': None, 'silent': None, 'subsample': 1, 'verbosity': 1}",42.01689294999994
24,07:00:00,2.4626160151167698,2.6645825188948455,0.3246145587315902,"{'base_score': 0.5, 'booster': 'gbtree', 'colsample_bylevel': 1, 'colsample_bynode': 1, 'colsample_bytree': 1, 'gamma': 0.7998783972855716, 'importance_type': 'gain', 'learning_rate': 0.25899866392531207, 'max_delta_step': 0, 'max_depth': 14, 'min_child_weight': 1, 'missing': None, 'n_estimators': 1590, 'n_jobs': -1, 'nthread': None, 'objective': 'reg:squarederror', 'random_state': 0, 'reg_alpha': 8.242609021242519, 'reg_lambda': 1, 'scale_pos_weight': 1, 'seed': None, 'silent': None, 'subsample': 1, 'verbosity': 1}",39.305634608000105
25,07:15:00,1.5380845332256854,1.591644851508443,0.398283143805701,"{'base_score': 0.5, 'booster': 'gbtree', 'colsample_bylevel': 1, 'colsample_bynode': 1, 'colsample_bytree': 1, 'gamma': 5.916909727549228, 'importance_type': 'gain', 'learning_rate': 0.21976487337717818, 'max_delta_step': 0, 'max_depth': 14, 'min_child_weight': 1, 'missing': None, 'n_estimators': 1210, 'n_jobs': -1, 'nthread': None, 'objective': 'reg:squarederror', 'random_state': 0, 'reg_alpha': 0.9354787269703417, 'reg_lambda': 1, 'scale_pos_weight': 1, 'seed': None, 'silent': None, 'subsample': 1, 'verbosity': 1}",33.064507507999906
26,07:30:00,1.6509350464276529,1.66332999331662,0.5902792891198759,"{'base_score': 0.5, 'booster': 'gbtree', 'colsample_bylevel': 1, 'colsample_bynode': 1, 'colsample_bytree': 1, 'gamma': 7.134472445433888, 'importance_type': 'gain', 'learning_rate': 0.17187568696700867, 'max_delta_step': 0, 'max_depth': 18, 'min_child_weight': 1, 'missing': None, 'n_estimators': 580, 'n_jobs': -1, 'nthread': None, 'objective': 'reg:squarederror', 'random_state': 0, 'reg_alpha': 5.636969377429601, 'reg_lambda': 1, 'scale_pos_weight': 1, 'seed': None, 'silent': None, 'subsample': 1, 'verbosity': 1}",39.212375188000124
27,07:45:00,1.0059800063697772,1.1105554165971787,0.474077405708928,"{'base_score': 0.5, 'booster': 'gbtree', 'colsample_bylevel': 1, 'colsample_bynode': 1, 'colsample_bytree': 1, 'gamma': 3.337773697762194, 'importance_type': 'gain', 'learning_rate': 0.058502929115550495, 'max_delta_step': 0, 'max_depth': 12, 'min_child_weight': 1, 'missing': None, 'n_estimators': 1280, 'n_jobs': -1, 'nthread': None, 'objective': 'reg:squarederror', 'random_state': 0, 'reg_alpha': 1.4654914788262454, 'reg_lambda': 1, 'scale_pos_weight': 1, 'seed': None, 'silent': None, 'subsample': 1, 'verbosity': 1}",26.845970846
28,08:00:00,1.312862578291052,1.4375905768565218,0.45867140091694736,"{'base_score': 0.5, 'booster': 'gbtree', 'colsample_bylevel': 1, 'colsample_bynode': 1, 'colsample_bytree': 1, 'gamma': 0.21955684017312183, 'importance_type': 'gain', 'learning_rate': 0.07620860740386012, 'max_delta_step': 0, 'max_depth': 14, 'min_child_weight': 1, 'missing': None, 'n_estimators': 370, 'n_jobs': -1, 'nthread': None, 'objective': 'reg:squarederror', 'random_state': 0, 'reg_alpha': 1.1972157977668918, 'reg_lambda': 1, 'scale_pos_weight': 1, 'seed': None, 'silent': None, 'subsample': 1, 'verbosity': 1}",38.16554198799986
29,08:15:00,2.4805455932780127,2.562550812504343,0.7321672215280477,"{'base_score': 0.5, 'booster': 'gbtree', 'colsample_bylevel': 1, 'colsample_bynode': 1, 'colsample_bytree': 1, 'gamma': 9.424674797122156, 'importance_type': 'gain', 'learning_rate': 0.08484883815411484, 'max_delta_step': 0, 'max_depth': 16, 'min_child_weight': 1, 'missing': None, 'n_estimators': 1390, 'n_jobs': -1, 'nthread': None, 'objective': 'reg:squarederror', 'random_state': 0, 'reg_alpha': 4.994233736838661, 'reg_lambda': 1, 'scale_pos_weight': 1, 'seed': None, 'silent': None, 'subsample': 1, 'verbosity': 1}",33.336755842
30,08:30:00,4.461412685999939,4.546060565661952,0.6954463999544683,"{'base_score': 0.5, 'booster': 'gbtree', 'colsample_bylevel': 1, 'colsample_bynode': 1, 'colsample_bytree': 1, 'gamma': 7.862396409060325, 'importance_type': 'gain', 'learning_rate': 0.07603670643383892, 'max_delta_step': 0, 'max_depth': 14, 'min_child_weight': 1, 'missing': None, 'n_estimators': 1620, 'n_jobs': -1, 'nthread': None, 'objective': 'reg:squarederror', 'random_state': 0, 'reg_alpha': 1.4970590042253824, 'reg_lambda': 1, 'scale_pos_weight': 1, 'seed': None, 'silent': None, 'subsample': 1, 'verbosity': 1}",38.98907965000012
31,08:45:00,2.20774261165198,2.0976176963403033,0.9642522400438283,"{'base_score': 0.5, 'booster': 'gbtree', 'colsample_bylevel': 1, 'colsample_bynode': 1, 'colsample_bytree': 1, 'gamma': 5.4966935828563575, 'importance_type': 'gain', 'learning_rate': 0.25151230495782523, 'max_delta_step': 0, 'max_depth': 14, 'min_child_weight': 1, 'missing': None, 'n_estimators': 770, 'n_jobs': -1, 'nthread': None, 'objective': 'reg:squarederror', 'random_state': 0, 'reg_alpha': 2.8193217168181257, 'reg_lambda': 1, 'scale_pos_weight': 1, 'seed': None, 'silent': None, 'subsample': 1, 'verbosity': 1}",37.40677355599996
32,09:00:00,1.6416439506098301,1.449137674618944,1.18796552960841,"{'base_score': 0.5, 'booster': 'gbtree', 'colsample_bylevel': 1, 'colsample_bynode': 1, 'colsample_bytree': 1, 'gamma': 0.3622270459032939, 'importance_type': 'gain', 'learning_rate': 0.11397513274302028, 'max_delta_step': 0, 'max_depth': 12, 'min_child_weight': 1, 'missing': None, 'n_estimators': 760, 'n_jobs': -1, 'nthread': None, 'objective': 'reg:squarederror', 'random_state': 0, 'reg_alpha': 22.106673627655958, 'reg_lambda': 1, 'scale_pos_weight': 1, 'seed': None, 'silent': None, 'subsample': 1, 'verbosity': 1}",28.151093104999973
33,09:15:00,5.946708936009957,6.07179270616732,1.294680643218055,"{'base_score': 0.5, 'booster': 'gbtree', 'colsample_bylevel': 1, 'colsample_bynode': 1, 'colsample_bytree': 1, 'gamma': 4.594071224733854, 'importance_type': 'gain', 'learning_rate': 0.26769634478361826, 'max_delta_step': 0, 'max_depth': 12, 'min_child_weight': 1, 'missing': None, 'n_estimators': 780, 'n_jobs': -1, 'nthread': None, 'objective': 'reg:squarederror', 'random_state': 0, 'reg_alpha': 6.1948114175216595, 'reg_lambda': 1, 'scale_pos_weight': 1, 'seed': None, 'silent': None, 'subsample': 1, 'verbosity': 1}",24.82005046900008
34,09:30:00,9.54048053778163,9.610757861202552,1.1559204911654102,"{'base_score': 0.5, 'booster': 'gbtree', 'colsample_bylevel': 1, 'colsample_bynode': 1, 'colsample_bytree': 1, 'gamma': 8.442901135558929, 'importance_type': 'gain', 'learning_rate': 0.1182560687303345, 'max_delta_step': 0, 'max_depth': 14, 'min_child_weight': 1, 'missing': None, 'n_estimators': 1990, 'n_jobs': -1, 'nthread': None, 'objective': 'reg:squarederror', 'random_state': 0, 'reg_alpha': 4.412218864645119, 'reg_lambda': 1, 'scale_pos_weight': 1, 'seed': None, 'silent': None, 'subsample': 1, 'verbosity': 1}",46.421285148999914
35,09:45:00,2.3312875876587187,2.2135943621178655,0.7368230626841991,"{'base_score': 0.5, 'booster': 'gbtree', 'colsample_bylevel': 1, 'colsample_bynode': 1, 'colsample_bytree': 1, 'gamma': 2.5530845168576786, 'importance_type': 'gain', 'learning_rate': 0.06971852912580546, 'max_delta_step': 0, 'max_depth': 10, 'min_child_weight': 1, 'missing': None, 'n_estimators': 840, 'n_jobs': -1, 'nthread': None, 'objective': 'reg:squarederror', 'random_state': 0, 'reg_alpha': 0.519510993820334, 'reg_lambda': 1, 'scale_pos_weight': 1, 'seed': None, 'silent': None, 'subsample': 1, 'verbosity': 1}",34.03983558300001
36,10:00:00,8.532405936302338,8.854377448471462,0.7977686334160882,"{'base_score': 0.5, 'booster': 'gbtree', 'colsample_bylevel': 1, 'colsample_bynode': 1, 'colsample_bytree': 1, 'gamma': 2.3056820233351107, 'importance_type': 'gain', 'learning_rate': 0.2705212922729316, 'max_delta_step': 0, 'max_depth': 16, 'min_child_weight': 1, 'missing': None, 'n_estimators': 1680, 'n_jobs': -1, 'nthread': None, 'objective': 'reg:squarederror', 'random_state': 0, 'reg_alpha': 7.386419626175435, 'reg_lambda': 1, 'scale_pos_weight': 1, 'seed': None, 'silent': None, 'subsample': 1, 'verbosity': 1}",43.808117895999885
37,10:15:00,10.400284487222882,10.762589527308627,0.850313705649645,"{'base_score': 0.5, 'booster': 'gbtree', 'colsample_bylevel': 1, 'colsample_bynode': 1, 'colsample_bytree': 1, 'gamma': 1.2198677168802075, 'importance_type': 'gain', 'learning_rate': 0.12325676559193396, 'max_delta_step': 0, 'max_depth': 16, 'min_child_weight': 1, 'missing': None, 'n_estimators': 950, 'n_jobs': -1, 'nthread': None, 'objective': 'reg:squarederror', 'random_state': 0, 'reg_alpha': 3.0785811898420072, 'reg_lambda': 1, 'scale_pos_weight': 1, 'seed': None, 'silent': None, 'subsample': 1, 'verbosity': 1}",39.798827845000005
38,10:30:00,2.130823457314527,2.206052281036573,1.0384479058208416,"{'base_score': 0.5, 'booster': 'gbtree', 'colsample_bylevel': 1, 'colsample_bynode': 1, 'colsample_bytree': 1, 'gamma': 5.567615181404769, 'importance_type': 'gain', 'learning_rate': 0.22564363910761873, 'max_delta_step': 0, 'max_depth': 14, 'min_child_weight': 1, 'missing': None, 'n_estimators': 510, 'n_jobs': -1, 'nthread': None, 'objective': 'reg:squarederror', 'random_state': 0, 'reg_alpha': 1.4299195425411675, 'reg_lambda': 1, 'scale_pos_weight': 1, 'seed': None, 'silent': None, 'subsample': 1, 'verbosity': 1}",33.07762949500011
39,10:45:00,0.8950758174122756,0.983192080250175,0.8116757544554893,"{'base_score': 0.5, 'booster': 'gbtree', 'colsample_bylevel': 1, 'colsample_bynode': 1, 'colsample_bytree': 1, 'gamma': 5.8821572133940805, 'importance_type': 'gain', 'learning_rate': 0.20737224065448598, 'max_delta_step': 0, 'max_depth': 10, 'min_child_weight': 1, 'missing': None, 'n_estimators': 1850, 'n_jobs': -1, 'nthread': None, 'objective': 'reg:squarederror', 'random_state': 0, 'reg_alpha': 1.1490556785471295, 'reg_lambda': 1, 'scale_pos_weight': 1, 'seed': None, 'silent': None, 'subsample': 1, 'verbosity': 1}",44.00299106500006
40,11:00:00,1.3012707101031713,1.1972189997378648,1.1350344913264725,"{'base_score': 0.5, 'booster': 'gbtree', 'colsample_bylevel': 1, 'colsample_bynode': 1, 'colsample_bytree': 1, 'gamma': 0.5305013688204452, 'importance_type': 'gain', 'learning_rate': 0.2365035756856527, 'max_delta_step': 0, 'max_depth': 18, 'min_child_weight': 1, 'missing': None, 'n_estimators': 300, 'n_jobs': -1, 'nthread': None, 'objective': 'reg:squarederror', 'random_state': 0, 'reg_alpha': 18.858241509407968, 'reg_lambda': 1, 'scale_pos_weight': 1, 'seed': None, 'silent': None, 'subsample': 1, 'verbosity': 1}",29.41536013100017
41,11:15:00,1.088191597379075,1.0,0.8362097185638006,"{'base_score': 0.5, 'booster': 'gbtree', 'colsample_bylevel': 1, 'colsample_bynode': 1, 'colsample_bytree': 1, 'gamma': 2.0046492019453233, 'importance_type': 'gain', 'learning_rate': 0.09828174614692038, 'max_delta_step': 0, 'max_depth': 18, 'min_child_weight': 1, 'missing': None, 'n_estimators': 1280, 'n_jobs': -1, 'nthread': None, 'objective': 'reg:squarederror', 'random_state': 0, 'reg_alpha': 7.82020286359693, 'reg_lambda': 1, 'scale_pos_weight': 1, 'seed': None, 'silent': None, 'subsample': 1, 'verbosity': 1}",41.71731444300008
42,11:30:00,0.940521913688711,0.816496580927726,0.7313253042062149,"{'base_score': 0.5, 'booster': 'gbtree', 'colsample_bylevel': 1, 'colsample_bynode': 1, 'colsample_bytree': 1, 'gamma': 3.2248698722555447, 'importance_type': 'gain', 'learning_rate': 0.2619336773103315, 'max_delta_step': 0, 'max_depth': 12, 'min_child_weight': 1, 'missing': None, 'n_estimators': 1530, 'n_jobs': -1, 'nthread': None, 'objective': 'reg:squarederror', 'random_state': 0, 'reg_alpha': 2.659264827014123, 'reg_lambda': 1, 'scale_pos_weight': 1, 'seed': None, 'silent': None, 'subsample': 1, 'verbosity': 1}",35.80498625400014
43,11:45:00,1.144466890564598,1.1832159566199232,0.6142991088324368,"{'base_score': 0.5, 'booster': 'gbtree', 'colsample_bylevel': 1, 'colsample_bynode': 1, 'colsample_bytree': 1, 'gamma': 1.228288451500763, 'importance_type': 'gain', 'learning_rate': 0.2209302637257173, 'max_delta_step': 0, 'max_depth': 16, 'min_child_weight': 1, 'missing': None, 'n_estimators': 1110, 'n_jobs': -1, 'nthread': None, 'objective': 'reg:squarederror', 'random_state': 0, 'reg_alpha': 4.686602489381199, 'reg_lambda': 1, 'scale_pos_weight': 1, 'seed': None, 'silent': None, 'subsample': 1, 'verbosity': 1}",42.778727791000165
44,12:00:00,1.073535011064602,1.0,0.4185834652950012,"{'base_score': 0.5, 'booster': 'gbtree', 'colsample_bylevel': 1, 'colsample_bynode': 1, 'colsample_bytree': 1, 'gamma': 2.0301228599530106, 'importance_type': 'gain', 'learning_rate': 0.16383970322655167, 'max_delta_step': 0, 'max_depth': 18, 'min_child_weight': 1, 'missing': None, 'n_estimators': 1470, 'n_jobs': -1, 'nthread': None, 'objective': 'reg:squarederror', 'random_state': 0, 'reg_alpha': 0.35810715281762745, 'reg_lambda': 1, 'scale_pos_weight': 1, 'seed': None, 'silent': None, 'subsample': 1, 'verbosity': 1}",41.03492426499997
45,12:15:00,1.0879058828621229,1.1547005383792515,0.9889839037458433,"{'base_score': 0.5, 'booster': 'gbtree', 'colsample_bylevel': 1, 'colsample_bynode': 1, 'colsample_bytree': 1, 'gamma': 9.716116258423373, 'importance_type': 'gain', 'learning_rate': 0.014708568725218887, 'max_delta_step': 0, 'max_depth': 18, 'min_child_weight': 1, 'missing': None, 'n_estimators': 1820, 'n_jobs': -1, 'nthread': None, 'objective': 'reg:squarederror', 'random_state': 0, 'reg_alpha': 2.5084267750632327, 'reg_lambda': 1, 'scale_pos_weight': 1, 'seed': None, 'silent': None, 'subsample': 1, 'verbosity': 1}",40.62450677599986
46,12:30:00,1.2192324023142302,1.2110601416389966,0.738137642282658,"{'base_score': 0.5, 'booster': 'gbtree', 'colsample_bylevel': 1, 'colsample_bynode': 1, 'colsample_bytree': 1, 'gamma': 1.0086449027198208, 'importance_type': 'gain', 'learning_rate': 0.17437595617988724, 'max_delta_step': 0, 'max_depth': 18, 'min_child_weight': 1, 'missing': None, 'n_estimators': 500, 'n_jobs': -1, 'nthread': None, 'objective': 'reg:squarederror', 'random_state': 0, 'reg_alpha': 7.17024414067345, 'reg_lambda': 1, 'scale_pos_weight': 1, 'seed': None, 'silent': None, 'subsample': 1, 'verbosity': 1}",30.74657725200018
47,12:45:00,2.9525892467790595,3.0495901363953815,0.8606890075270563,"{'base_score': 0.5, 'booster': 'gbtree', 'colsample_bylevel': 1, 'colsample_bynode': 1, 'colsample_bytree': 1, 'gamma': 2.2379314988440924, 'importance_type': 'gain', 'learning_rate': 0.13066891609512776, 'max_delta_step': 0, 'max_depth': 12, 'min_child_weight': 1, 'missing': None, 'n_estimators': 1270, 'n_jobs': -1, 'nthread': None, 'objective': 'reg:squarederror', 'random_state': 0, 'reg_alpha': 5.503663930003544, 'reg_lambda': 1, 'scale_pos_weight': 1, 'seed': None, 'silent': None, 'subsample': 1, 'verbosity': 1}",27.33278365199999
48,13:00:00,0.7808460233030383,0.7302967433402214,1.1090293481330915,"{'base_score': 0.5, 'booster': 'gbtree', 'colsample_bylevel': 1, 'colsample_bynode': 1, 'colsample_bytree': 1, 'gamma': 9.205901094671683, 'importance_type': 'gain', 'learning_rate': 0.04452081513093595, 'max_delta_step': 0, 'max_depth': 18, 'min_child_weight': 1, 'missing': None, 'n_estimators': 850, 'n_jobs': -1, 'nthread': None, 'objective': 'reg:squarederror', 'random_state': 0, 'reg_alpha': 12.651792784938062, 'reg_lambda': 1, 'scale_pos_weight': 1, 'seed': None, 'silent': None, 'subsample': 1, 'verbosity': 1}",34.73688364700001
49,13:15:00,6.337554668994347,6.145459028149701,0.9326486643419466,"{'base_score': 0.5, 'booster': 'gbtree', 'colsample_bylevel': 1, 'colsample_bynode': 1, 'colsample_bytree': 1, 'gamma': 2.656155578317274, 'importance_type': 'gain', 'learning_rate': 0.06878922957539077, 'max_delta_step': 0, 'max_depth': 14, 'min_child_weight': 1, 'missing': None, 'n_estimators': 1180, 'n_jobs': -1, 'nthread': None, 'objective': 'reg:squarederror', 'random_state': 0, 'reg_alpha': 4.264504655410682, 'reg_lambda': 1, 'scale_pos_weight': 1, 'seed': None, 'silent': None, 'subsample': 1, 'verbosity': 1}",47.06153471499988
50,13:30:00,9.81123559160183,9.516652072376433,0.7887838328185605,"{'base_score': 0.5, 'booster': 'gbtree', 'colsample_bylevel': 1, 'colsample_bynode': 1, 'colsample_bytree': 1, 'gamma': 0.05033026699974408, 'importance_type': 'gain', 'learning_rate': 0.16351501133973975, 'max_delta_step': 0, 'max_depth': 14, 'min_child_weight': 1, 'missing': None, 'n_estimators': 1150, 'n_jobs': -1, 'nthread': None, 'objective': 'reg:squarederror', 'random_state': 0, 'reg_alpha': 8.222085637857516, 'reg_lambda': 1, 'scale_pos_weight': 1, 'seed': None, 'silent': None, 'subsample': 1, 'verbosity': 1}",34.41653901300015
51,13:45:00,2.4620837463648235,2.2949219304078006,0.7293031304678158,"{'base_score': 0.5, 'booster': 'gbtree', 'colsample_bylevel': 1, 'colsample_bynode': 1, 'colsample_bytree': 1, 'gamma': 0.15843313020461713, 'importance_type': 'gain', 'learning_rate': 0.12173244865265664, 'max_delta_step': 0, 'max_depth': 12, 'min_child_weight': 1, 'missing': None, 'n_estimators': 160, 'n_jobs': -1, 'nthread': None, 'objective': 'reg:squarederror', 'random_state': 0, 'reg_alpha': 5.25328589736964, 'reg_lambda': 1, 'scale_pos_weight': 1, 'seed': None, 'silent': None, 'subsample': 1, 'verbosity': 1}",25.52812626900004
52,14:00:00,4.257964542477051,4.242640687119285,0.6750328664904433,"{'base_score': 0.5, 'booster': 'gbtree', 'colsample_bylevel': 1, 'colsample_bynode': 1, 'colsample_bytree': 1, 'gamma': 1.6088719670169649, 'importance_type': 'gain', 'learning_rate': 0.03318142509916505, 'max_delta_step': 0, 'max_depth': 12, 'min_child_weight': 1, 'missing': None, 'n_estimators': 1220, 'n_jobs': -1, 'nthread': None, 'objective': 'reg:squarederror', 'random_state': 0, 'reg_alpha': 1.5210091165133701, 'reg_lambda': 1, 'scale_pos_weight': 1, 'seed': None, 'silent': None, 'subsample': 1, 'verbosity': 1}",39.673906106000004
53,14:15:00,1.1233538693577285,1.0327955589886444,0.8831608451502789,"{'base_score': 0.5, 'booster': 'gbtree', 'colsample_bylevel': 1, 'colsample_bynode': 1, 'colsample_bytree': 1, 'gamma': 3.1792622804312543, 'importance_type': 'gain', 'learning_rate': 0.20516000184828334, 'max_delta_step': 0, 'max_depth': 16, 'min_child_weight': 1, 'missing': None, 'n_estimators': 1540, 'n_jobs': -1, 'nthread': None, 'objective': 'reg:squarederror', 'random_state': 0, 'reg_alpha': 4.5746223779082404, 'reg_lambda': 1, 'scale_pos_weight': 1, 'seed': None, 'silent': None, 'subsample': 1, 'verbosity': 1}",31.701420366000093
54,14:30:00,4.198265311732799,3.941235001028654,0.9667551195327648,"{'base_score': 0.5, 'booster': 'gbtree', 'colsample_bylevel': 1, 'colsample_bynode': 1, 'colsample_bytree': 1, 'gamma': 2.5579054668219605, 'importance_type': 'gain', 'learning_rate': 0.06072427210253567, 'max_delta_step': 0, 'max_depth': 10, 'min_child_weight': 1, 'missing': None, 'n_estimators': 1750, 'n_jobs': -1, 'nthread': None, 'objective': 'reg:squarederror', 'random_state': 0, 'reg_alpha': 11.23979762556981, 'reg_lambda': 1, 'scale_pos_weight': 1, 'seed': None, 'silent': None, 'subsample': 1, 'verbosity': 1}",44.957257906999985
55,14:45:00,4.910559697625912,5.304086474910956,0.7800900183388227,"{'base_score': 0.5, 'booster': 'gbtree', 'colsample_bylevel': 1, 'colsample_bynode': 1, 'colsample_bytree': 1, 'gamma': 1.6331674299711463, 'importance_type': 'gain', 'learning_rate': 0.28424828862109686, 'max_delta_step': 0, 'max_depth': 12, 'min_child_weight': 1, 'missing': None, 'n_estimators': 1110, 'n_jobs': -1, 'nthread': None, 'objective': 'reg:squarederror', 'random_state': 0, 'reg_alpha': 7.768619922852367, 'reg_lambda': 1, 'scale_pos_weight': 1, 'seed': None, 'silent': None, 'subsample': 1, 'verbosity': 1}",33.74057648400003
56,15:00:00,3.818424081242069,4.10690475500305,1.2472814633761578,"{'base_score': 0.5, 'booster': 'gbtree', 'colsample_bylevel': 1, 'colsample_bynode': 1, 'colsample_bytree': 1, 'gamma': 2.3530413157434973, 'importance_type': 'gain', 'learning_rate': 0.09821575272447619, 'max_delta_step': 0, 'max_depth': 14, 'min_child_weight': 1, 'missing': None, 'n_estimators': 390, 'n_jobs': -1, 'nthread': None, 'objective': 'reg:squarederror', 'random_state': 0, 'reg_alpha': 18.076225072677552, 'reg_lambda': 1, 'scale_pos_weight': 1, 'seed': None, 'silent': None, 'subsample': 1, 'verbosity': 1}",23.82003278600041
57,15:15:00,0.9984021523996286,1.0801234497346435,1.2410015183959175,"{'base_score': 0.5, 'booster': 'gbtree', 'colsample_bylevel': 1, 'colsample_bynode': 1, 'colsample_bytree': 1, 'gamma': 4.818161714806827, 'importance_type': 'gain', 'learning_rate': 0.22923721009836065, 'max_delta_step': 0, 'max_depth': 16, 'min_child_weight': 1, 'missing': None, 'n_estimators': 1150, 'n_jobs': -1, 'nthread': None, 'objective': 'reg:squarederror', 'random_state': 0, 'reg_alpha': 12.900595950565524, 'reg_lambda': 1, 'scale_pos_weight': 1, 'seed': None, 'silent': None, 'subsample': 1, 'verbosity': 1}",36.6170233150001
58,15:30:00,1.9500136066606397,2.1447610589527217,0.675339812282824,"{'base_score': 0.5, 'booster': 'gbtree', 'colsample_bylevel': 1, 'colsample_bynode': 1, 'colsample_bytree': 1, 'gamma': 3.486563481430256, 'importance_type': 'gain', 'learning_rate': 0.12080721022804736, 'max_delta_step': 0, 'max_depth': 14, 'min_child_weight': 1, 'missing': None, 'n_estimators': 530, 'n_jobs': -1, 'nthread': None, 'objective': 'reg:squarederror', 'random_state': 0, 'reg_alpha': 4.776355693576215, 'reg_lambda': 1, 'scale_pos_weight': 1, 'seed': None, 'silent': None, 'subsample': 1, 'verbosity': 1}",29.148521619999883
59,15:45:00,2.1224494201930804,1.8708286933869707,0.9107626627477784,"{'base_score': 0.5, 'booster': 'gbtree', 'colsample_bylevel': 1, 'colsample_bynode': 1, 'colsample_bytree': 1, 'gamma': 9.893094073855833, 'importance_type': 'gain', 'learning_rate': 0.18693870695817805, 'max_delta_step': 0, 'max_depth': 14, 'min_child_weight': 1, 'missing': None, 'n_estimators': 1310, 'n_jobs': -1, 'nthread': None, 'objective': 'reg:squarederror', 'random_state': 0, 'reg_alpha': 5.019019400612433, 'reg_lambda': 1, 'scale_pos_weight': 1, 'seed': None, 'silent': None, 'subsample': 1, 'verbosity': 1}",25.897921101000065
60,16:00:00,1.8593836202914638,1.9493588689617927,0.7595951190037921,"{'base_score': 0.5, 'booster': 'gbtree', 'colsample_bylevel': 1, 'colsample_bynode': 1, 'colsample_bytree': 1, 'gamma': 4.917535122384468, 'importance_type': 'gain', 'learning_rate': 0.055930178485450455, 'max_delta_step': 0, 'max_depth': 10, 'min_child_weight': 1, 'missing': None, 'n_estimators': 950, 'n_jobs': -1, 'nthread': None, 'objective': 'reg:squarederror', 'random_state': 0, 'reg_alpha': 4.637594726209366, 'reg_lambda': 1, 'scale_pos_weight': 1, 'seed': None, 'silent': None, 'subsample': 1, 'verbosity': 1}",26.950661887000024
61,16:15:00,0.593092974481403,0.7071067811865476,0.7830169297853932,"{'base_score': 0.5, 'booster': 'gbtree', 'colsample_bylevel': 1, 'colsample_bynode': 1, 'colsample_bytree': 1, 'gamma': 7.598936088493133, 'importance_type': 'gain', 'learning_rate': 0.11365546884707534, 'max_delta_step': 0, 'max_depth': 16, 'min_child_weight': 1, 'missing': None, 'n_estimators': 500, 'n_jobs': -1, 'nthread': None, 'objective': 'reg:squarederror', 'random_state': 0, 'reg_alpha': 6.837438414152551, 'reg_lambda': 1, 'scale_pos_weight': 1, 'seed': None, 'silent': None, 'subsample': 1, 'verbosity': 1}",27.052439198999764
62,16:30:00,0.8230996265473475,0.9128709291752769,0.8097794840379544,"{'base_score': 0.5, 'booster': 'gbtree', 'colsample_bylevel': 1, 'colsample_bynode': 1, 'colsample_bytree': 1, 'gamma': 5.087149763830406, 'importance_type': 'gain', 'learning_rate': 0.18899246245121468, 'max_delta_step': 0, 'max_depth': 16, 'min_child_weight': 1, 'missing': None, 'n_estimators': 1340, 'n_jobs': -1, 'nthread': None, 'objective': 'reg:squarederror', 'random_state': 0, 'reg_alpha': 11.521100783113495, 'reg_lambda': 1, 'scale_pos_weight': 1, 'seed': None, 'silent': None, 'subsample': 1, 'verbosity': 1}",23.329102091000095
63,16:45:00,0.6483481730330668,0.7071067811865476,0.8414642307308229,"{'base_score': 0.5, 'booster': 'gbtree', 'colsample_bylevel': 1, 'colsample_bynode': 1, 'colsample_bytree': 1, 'gamma': 6.832445058266775, 'importance_type': 'gain', 'learning_rate': 0.04702346855889013, 'max_delta_step': 0, 'max_depth': 14, 'min_child_weight': 1, 'missing': None, 'n_estimators': 80, 'n_jobs': -1, 'nthread': None, 'objective': 'reg:squarederror', 'random_state': 0, 'reg_alpha': 0.05520071419580811, 'reg_lambda': 1, 'scale_pos_weight': 1, 'seed': None, 'silent': None, 'subsample': 1, 'verbosity': 1}",17.55757433200006
64,17:00:00,0.6107014447526402,0.6582805886043833,0.6350113960627103,"{'base_score': 0.5, 'booster': 'gbtree', 'colsample_bylevel': 1, 'colsample_bynode': 1, 'colsample_bytree': 1, 'gamma': 1.7536086203073897, 'importance_type': 'gain', 'learning_rate': 0.03918569057496696, 'max_delta_step': 0, 'max_depth': 12, 'min_child_weight': 1, 'missing': None, 'n_estimators': 1890, 'n_jobs': -1, 'nthread': None, 'objective': 'reg:squarederror', 'random_state': 0, 'reg_alpha': 0.4449531370889638, 'reg_lambda': 1, 'scale_pos_weight': 1, 'seed': None, 'silent': None, 'subsample': 1, 'verbosity': 1}",43.18610381999997
65,17:15:00,2.8367603087448057,2.7141603981096374,0.8877295672183215,"{'base_score': 0.5, 'booster': 'gbtree', 'colsample_bylevel': 1, 'colsample_bynode': 1, 'colsample_bytree': 1, 'gamma': 8.486627514362873, 'importance_type': 'gain', 'learning_rate': 0.12708291317984977, 'max_delta_step': 0, 'max_depth': 18, 'min_child_weight': 1, 'missing': None, 'n_estimators': 1410, 'n_jobs': -1, 'nthread': None, 'objective': 'reg:squarederror', 'random_state': 0, 'reg_alpha': 0.4868355061355167, 'reg_lambda': 1, 'scale_pos_weight': 1, 'seed': None, 'silent': None, 'subsample': 1, 'verbosity': 1}",57.686026373000004
66,17:30:00,4.951651251009138,4.743416490252569,0.9083046875062966,"{'base_score': 0.5, 'booster': 'gbtree', 'colsample_bylevel': 1, 'colsample_bynode': 1, 'colsample_bytree': 1, 'gamma': 2.222255391692649, 'importance_type': 'gain', 'learning_rate': 0.2898741629137019, 'max_delta_step': 0, 'max_depth': 16, 'min_child_weight': 1, 'missing': None, 'n_estimators': 1370, 'n_jobs': -1, 'nthread': None, 'objective': 'reg:squarederror', 'random_state': 0, 'reg_alpha': 4.590343854795593, 'reg_lambda': 1, 'scale_pos_weight': 1, 'seed': None, 'silent': None, 'subsample': 1, 'verbosity': 1}",31.266193763000047
67,17:45:00,4.924307147630921,5.131601439446884,0.7631037779666042,"{'base_score': 0.5, 'booster': 'gbtree', 'colsample_bylevel': 1, 'colsample_bynode': 1, 'colsample_bytree': 1, 'gamma': 3.425005619762469, 'importance_type': 'gain', 'learning_rate': 0.11644262245597833, 'max_delta_step': 0, 'max_depth': 16, 'min_child_weight': 1, 'missing': None, 'n_estimators': 1190, 'n_jobs': -1, 'nthread': None, 'objective': 'reg:squarederror', 'random_state': 0, 'reg_alpha': 3.158058228926841, 'reg_lambda': 1, 'scale_pos_weight': 1, 'seed': None, 'silent': None, 'subsample': 1, 'verbosity': 1}",31.746265801999925
68,18:00:00,2.2609764484010157,2.48327740429189,1.1124016692608258,"{'base_score': 0.5, 'booster': 'gbtree', 'colsample_bylevel': 1, 'colsample_bynode': 1, 'colsample_bytree': 1, 'gamma': 4.299860502024222, 'importance_type': 'gain', 'learning_rate': 0.02949959715571928, 'max_delta_step': 0, 'max_depth': 18, 'min_child_weight': 1, 'missing': None, 'n_estimators': 850, 'n_jobs': -1, 'nthread': None, 'objective': 'reg:squarederror', 'random_state': 0, 'reg_alpha': 11.1971107060612, 'reg_lambda': 1, 'scale_pos_weight': 1, 'seed': None, 'silent': None, 'subsample': 1, 'verbosity': 1}",27.372018875999856
69,18:15:00,1.2818247896924195,1.2110601416389966,0.6197036491901442,"{'base_score': 0.5, 'booster': 'gbtree', 'colsample_bylevel': 1, 'colsample_bynode': 1, 'colsample_bytree': 1, 'gamma': 0.6389783308071062, 'importance_type': 'gain', 'learning_rate': 0.22534269128264364, 'max_delta_step': 0, 'max_depth': 18, 'min_child_weight': 1, 'missing': None, 'n_estimators': 1930, 'n_jobs': -1, 'nthread': None, 'objective': 'reg:squarederror', 'random_state': 0, 'reg_alpha': 3.733809407697384, 'reg_lambda': 1, 'scale_pos_weight': 1, 'seed': None, 'silent': None, 'subsample': 1, 'verbosity': 1}",35.30833784200013
70,18:30:00,1.9556621481186678,2.065591117977289,0.9513036746124345,"{'base_score': 0.5, 'booster': 'gbtree', 'colsample_bylevel': 1, 'colsample_bynode': 1, 'colsample_bytree': 1, 'gamma': 3.594948906278338, 'importance_type': 'gain', 'learning_rate': 0.2848043356611661, 'max_delta_step': 0, 'max_depth': 18, 'min_child_weight': 1, 'missing': None, 'n_estimators': 130, 'n_jobs': -1, 'nthread': None, 'objective': 'reg:squarederror', 'random_state': 0, 'reg_alpha': 12.469753003744596, 'reg_lambda': 1, 'scale_pos_weight': 1, 'seed': None, 'silent': None, 'subsample': 1, 'verbosity': 1}",27.287948765000237
71,18:45:00,2.536171349243918,2.5298221281347035,0.9120038673711258,"{'base_score': 0.5, 'booster': 'gbtree', 'colsample_bylevel': 1, 'colsample_bynode': 1, 'colsample_bytree': 1, 'gamma': 1.0581145204087683, 'importance_type': 'gain', 'learning_rate': 0.12603759979562093, 'max_delta_step': 0, 'max_depth': 16, 'min_child_weight': 1, 'missing': None, 'n_estimators': 1440, 'n_jobs': -1, 'nthread': None, 'objective': 'reg:squarederror', 'random_state': 0, 'reg_alpha': 13.172410024719964, 'reg_lambda': 1, 'scale_pos_weight': 1, 'seed': None, 'silent': None, 'subsample': 1, 'verbosity': 1}",35.37231689400005
72,19:00:00,2.45188909344707,2.41522945769824,0.9072698349618222,"{'base_score': 0.5, 'booster': 'gbtree', 'colsample_bylevel': 1, 'colsample_bynode': 1, 'colsample_bytree': 1, 'gamma': 1.530488184075306, 'importance_type': 'gain', 'learning_rate': 0.2540483610447828, 'max_delta_step': 0, 'max_depth': 12, 'min_child_weight': 1, 'missing': None, 'n_estimators': 1400, 'n_jobs': -1, 'nthread': None, 'objective': 'reg:squarederror', 'random_state': 0, 'reg_alpha': 10.583217488719352, 'reg_lambda': 1, 'scale_pos_weight': 1, 'seed': None, 'silent': None, 'subsample': 1, 'verbosity': 1}",25.214673716000107
73,19:15:00,1.1365311420170818,1.0327955589886444,1.0033476398535912,"{'base_score': 0.5, 'booster': 'gbtree', 'colsample_bylevel': 1, 'colsample_bynode': 1, 'colsample_bytree': 1, 'gamma': 0.15061073638271472, 'importance_type': 'gain', 'learning_rate': 0.2873992080761745, 'max_delta_step': 0, 'max_depth': 16, 'min_child_weight': 1, 'missing': None, 'n_estimators': 700, 'n_jobs': -1, 'nthread': None, 'objective': 'reg:squarederror', 'random_state': 0, 'reg_alpha': 15.508023522772149, 'reg_lambda': 1, 'scale_pos_weight': 1, 'seed': None, 'silent': None, 'subsample': 1, 'verbosity': 1}",43.179594540999915
74,19:30:00,1.1631161068288431,1.449137674618944,0.9198292204776828,"{'base_score': 0.5, 'booster': 'gbtree', 'colsample_bylevel': 1, 'colsample_bynode': 1, 'colsample_bytree': 1, 'gamma': 9.131753741504962, 'importance_type': 'gain', 'learning_rate': 0.13438989227047582, 'max_delta_step': 0, 'max_depth': 10, 'min_child_weight': 1, 'missing': None, 'n_estimators': 870, 'n_jobs': -1, 'nthread': None, 'objective': 'reg:squarederror', 'random_state': 0, 'reg_alpha': 4.524182462470268, 'reg_lambda': 1, 'scale_pos_weight': 1, 'seed': None, 'silent': None, 'subsample': 1, 'verbosity': 1}",40.089058872999885
75,19:45:00,0.8274229729695504,0.8755950357709131,0.8819934637869957,"{'base_score': 0.5, 'booster': 'gbtree', 'colsample_bylevel': 1, 'colsample_bynode': 1, 'colsample_bytree': 1, 'gamma': 0.24838322804869972, 'importance_type': 'gain', 'learning_rate': 0.17231667129599518, 'max_delta_step': 0, 'max_depth': 16, 'min_child_weight': 1, 'missing': None, 'n_estimators': 1130, 'n_jobs': -1, 'nthread': None, 'objective': 'reg:squarederror', 'random_state': 0, 'reg_alpha': 8.575142104408517, 'reg_lambda': 1, 'scale_pos_weight': 1, 'seed': None, 'silent': None, 'subsample': 1, 'verbosity': 1}",20.46666642299988
76,20:00:00,1.2461057748648634,1.3416407864998738,0.7425120123120406,"{'base_score': 0.5, 'booster': 'gbtree', 'colsample_bylevel': 1, 'colsample_bynode': 1, 'colsample_bytree': 1, 'gamma': 3.6400138333369894, 'importance_type': 'gain', 'learning_rate': 0.1583990727898767, 'max_delta_step': 0, 'max_depth': 18, 'min_child_weight': 1, 'missing': None, 'n_estimators': 830, 'n_jobs': -1, 'nthread': None, 'objective': 'reg:squarederror', 'random_state': 0, 'reg_alpha': 3.3365337538286264, 'reg_lambda': 1, 'scale_pos_weight': 1, 'seed': None, 'silent': None, 'subsample': 1, 'verbosity': 1}",34.98758641999984
77,20:15:00,1.8294876948694438,2.105548226313834,0.5194504307274223,"{'base_score': 0.5, 'booster': 'gbtree', 'colsample_bylevel': 1, 'colsample_bynode': 1, 'colsample_bytree': 1, 'gamma': 5.196272961622296, 'importance_type': 'gain', 'learning_rate': 0.26467621183959134, 'max_delta_step': 0, 'max_depth': 10, 'min_child_weight': 1, 'missing': None, 'n_estimators': 720, 'n_jobs': -1, 'nthread': None, 'objective': 'reg:squarederror', 'random_state': 0, 'reg_alpha': 2.549626006108518, 'reg_lambda': 1, 'scale_pos_weight': 1, 'seed': None, 'silent': None, 'subsample': 1, 'verbosity': 1}",27.200166599000113
78,20:30:00,1.6775804526021485,1.6431676725154984,0.48256889490413074,"{'base_score': 0.5, 'booster': 'gbtree', 'colsample_bylevel': 1, 'colsample_bynode': 1, 'colsample_bytree': 1, 'gamma': 3.348948971074682, 'importance_type': 'gain', 'learning_rate': 0.13423006109089675, 'max_delta_step': 0, 'max_depth': 18, 'min_child_weight': 1, 'missing': None, 'n_estimators': 460, 'n_jobs': -1, 'nthread': None, 'objective': 'reg:squarederror', 'random_state': 0, 'reg_alpha': 1.6166362664023253, 'reg_lambda': 1, 'scale_pos_weight': 1, 'seed': None, 'silent': None, 'subsample': 1, 'verbosity': 1}",28.185663015000046
79,20:45:00,1.790658756982812,1.66332999331662,0.6158723643852908,"{'base_score': 0.5, 'booster': 'gbtree', 'colsample_bylevel': 1, 'colsample_bynode': 1, 'colsample_bytree': 1, 'gamma': 7.316320212570075, 'importance_type': 'gain', 'learning_rate': 0.29459802320543216, 'max_delta_step': 0, 'max_depth': 16, 'min_child_weight': 1, 'missing': None, 'n_estimators': 1400, 'n_jobs': -1, 'nthread': None, 'objective': 'reg:squarederror', 'random_state': 0, 'reg_alpha': 1.7916206606222178, 'reg_lambda': 1, 'scale_pos_weight': 1, 'seed': None, 'silent': None, 'subsample': 1, 'verbosity': 1}",30.77362892600013
80,21:00:00,1.5296430106209733,1.61245154965971,0.7133216667364821,"{'base_score': 0.5, 'booster': 'gbtree', 'colsample_bylevel': 1, 'colsample_bynode': 1, 'colsample_bytree': 1, 'gamma': 3.5784888305838525, 'importance_type': 'gain', 'learning_rate': 0.1747332806036722, 'max_delta_step': 0, 'max_depth': 18, 'min_child_weight': 1, 'missing': None, 'n_estimators': 1630, 'n_jobs': -1, 'nthread': None, 'objective': 'reg:squarederror', 'random_state': 0, 'reg_alpha': 10.999423048701546, 'reg_lambda': 1, 'scale_pos_weight': 1, 'seed': None, 'silent': None, 'subsample': 1, 'verbosity': 1}",25.831028093999976
81,21:15:00,1.512800113517708,1.8257418583505538,0.6263816642236665,"{'base_score': 0.5, 'booster': 'gbtree', 'colsample_bylevel': 1, 'colsample_bynode': 1, 'colsample_bytree': 1, 'gamma': 2.970250112057058, 'importance_type': 'gain', 'learning_rate': 0.18115215986925068, 'max_delta_step': 0, 'max_depth': 18, 'min_child_weight': 1, 'missing': None, 'n_estimators': 500, 'n_jobs': -1, 'nthread': None, 'objective': 'reg:squarederror', 'random_state': 0, 'reg_alpha': 12.159907253814854, 'reg_lambda': 1, 'scale_pos_weight': 1, 'seed': None, 'silent': None, 'subsample': 1, 'verbosity': 1}",27.175132202999976
82,21:30:00,1.2967950008921596,1.559914527573012,0.3572021710104899,"{'base_score': 0.5, 'booster': 'gbtree', 'colsample_bylevel': 1, 'colsample_bynode': 1, 'colsample_bytree': 1, 'gamma': 1.4858738582821207, 'importance_type': 'gain', 'learning_rate': 0.12289921767094361, 'max_delta_step': 0, 'max_depth': 12, 'min_child_weight': 1, 'missing': None, 'n_estimators': 200, 'n_jobs': -1, 'nthread': None, 'objective': 'reg:squarederror', 'random_state': 0, 'reg_alpha': 0.805608495754003, 'reg_lambda': 1, 'scale_pos_weight': 1, 'seed': None, 'silent': None, 'subsample': 1, 'verbosity': 1}",29.192658432999906
83,21:45:00,1.3615137191074003,1.559914527573012,0.43160767604542116,"{'base_score': 0.5, 'booster': 'gbtree', 'colsample_bylevel': 1, 'colsample_bynode': 1, 'colsample_bytree': 1, 'gamma': 2.68818377391443, 'importance_type': 'gain', 'learning_rate': 0.17603546047411409, 'max_delta_step': 0, 'max_depth': 16, 'min_child_weight': 1, 'missing': None, 'n_estimators': 1790, 'n_jobs': -1, 'nthread': None, 'objective': 'reg:squarederror', 'random_state': 0, 'reg_alpha': 1.6307299604818262, 'reg_lambda': 1, 'scale_pos_weight': 1, 'seed': None, 'silent': None, 'subsample': 1, 'verbosity': 1}",38.46282507400019
84,22:00:00,0.8751650764697895,0.7745966692414834,0.5976594626804504,"{'base_score': 0.5, 'booster': 'gbtree', 'colsample_bylevel': 1, 'colsample_bynode': 1, 'colsample_bytree': 1, 'gamma': 0.6541472855669994, 'importance_type': 'gain', 'learning_rate': 0.02766010869801131, 'max_delta_step': 0, 'max_depth': 14, 'min_child_weight': 1, 'missing': None, 'n_estimators': 1090, 'n_jobs': -1, 'nthread': None, 'objective': 'reg:squarederror', 'random_state': 0, 'reg_alpha': 25.312570002577257, 'reg_lambda': 1, 'scale_pos_weight': 1, 'seed': None, 'silent': None, 'subsample': 1, 'verbosity': 1}",27.2990511539997
85,22:15:00,0.5849536584627061,0.6324555320336759,0.31803622516148095,"{'base_score': 0.5, 'booster': 'gbtree', 'colsample_bylevel': 1, 'colsample_bynode': 1, 'colsample_bytree': 1, 'gamma': 0.5447984005157402, 'importance_type': 'gain', 'learning_rate': 0.2777159557664839, 'max_delta_step': 0, 'max_depth': 10, 'min_child_weight': 1, 'missing': None, 'n_estimators': 1940, 'n_jobs': -1, 'nthread': None, 'objective': 'reg:squarederror', 'random_state': 0, 'reg_alpha': 1.2981027700989705, 'reg_lambda': 1, 'scale_pos_weight': 1, 'seed': None, 'silent': None, 'subsample': 1, 'verbosity': 1}",31.414186697999867
86,22:30:00,0.8051127448624904,1.0,0.38063592585382133,"{'base_score': 0.5, 'booster': 'gbtree', 'colsample_bylevel': 1, 'colsample_bynode': 1, 'colsample_bytree': 1, 'gamma': 6.281701935736537, 'importance_type': 'gain', 'learning_rate': 0.14631984294898578, 'max_delta_step': 0, 'max_depth': 10, 'min_child_weight': 1, 'missing': None, 'n_estimators': 1110, 'n_jobs': -1, 'nthread': None, 'objective': 'reg:squarederror', 'random_state': 0, 'reg_alpha': 3.2569090111710883, 'reg_lambda': 1, 'scale_pos_weight': 1, 'seed': None, 'silent': None, 'subsample': 1, 'verbosity': 1}",35.16909004700028
87,22:45:00,0.5209482992021657,0.6582805886043833,0.4861942774918628,"{'base_score': 0.5, 'booster': 'gbtree', 'colsample_bylevel': 1, 'colsample_bynode': 1, 'colsample_bytree': 1, 'gamma': 5.4938637316774, 'importance_type': 'gain', 'learning_rate': 0.08431031596403524, 'max_delta_step': 0, 'max_depth': 12, 'min_child_weight': 1, 'missing': None, 'n_estimators': 1820, 'n_jobs': -1, 'nthread': None, 'objective': 'reg:squarederror', 'random_state': 0, 'reg_alpha': 5.137100777092659, 'reg_lambda': 1, 'scale_pos_weight': 1, 'seed': None, 'silent': None, 'subsample': 1, 'verbosity': 1}",38.46269727200024
88,23:00:00,0.7091361846483631,0.7071067811865476,0.3330424224623948,"{'base_score': 0.5, 'booster': 'gbtree', 'colsample_bylevel': 1, 'colsample_bynode': 1, 'colsample_bytree': 1, 'gamma': 2.7182340563305187, 'importance_type': 'gain', 'learning_rate': 0.15093746316406845, 'max_delta_step': 0, 'max_depth': 16, 'min_child_weight': 1, 'missing': None, 'n_estimators': 520, 'n_jobs': -1, 'nthread': None, 'objective': 'reg:squarederror', 'random_state': 0, 'reg_alpha': 1.2324401796513988, 'reg_lambda': 1, 'scale_pos_weight': 1, 'seed': None, 'silent': None, 'subsample': 1, 'verbosity': 1}",30.288349500000095
89,23:15:00,0.1571369171142578,0.0,0.41305583456668843,"{'base_score': 0.5, 'booster': 'gbtree', 'colsample_bylevel': 1, 'colsample_bynode': 1, 'colsample_bytree': 1, 'gamma': 1.7669713493991768, 'importance_type': 'gain', 'learning_rate': 0.1313891643133655, 'max_delta_step': 0, 'max_depth': 10, 'min_child_weight': 1, 'missing': None, 'n_estimators': 200, 'n_jobs': -1, 'nthread': None, 'objective': 'reg:squarederror', 'random_state': 0, 'reg_alpha': 6.7465201890606785, 'reg_lambda': 1, 'scale_pos_weight': 1, 'seed': None, 'silent': None, 'subsample': 1, 'verbosity': 1}",27.77502202100004
