,hour,rmse_f_b,rmse_rf_b,RMSE_test,best_parameters,elapsed,final_prediction,final_prediction2
0,01:00:00,0.8998298645019531,1.0,0.1384575756076136,"{'base_score': 0.5, 'booster': 'gbtree', 'colsample_bylevel': 1, 'colsample_bynode': 1, 'colsample_bytree': 1, 'gamma': 1.6514414253592458, 'importance_type': 'gain', 'learning_rate': 0.14748139633473856, 'max_delta_step': 0, 'max_depth': 12, 'min_child_weight': 1, 'missing': None, 'n_estimators': 1140, 'n_jobs': -1, 'nthread': None, 'objective': 'reg:squarederror', 'random_state': 0, 'reg_alpha': 3.7768730300461955, 'reg_lambda': 1, 'scale_pos_weight': 1, 'seed': None, 'silent': None, 'subsample': 1, 'verbosity': 1}",22.087304586000002,"[18.10017 18.10017 18.10017 18.10017 18.10017 18.10017 18.10017 18.10017
 18.10017 18.10017 18.10017 18.10017 18.10017 18.10017 18.10017 18.10017
 18.10017 18.10017 18.10017 18.10017 18.10017 18.10017 18.10017 18.10017
 18.10017 18.10017 18.10017 18.10017 18.10017 18.10017]","[18.0, 18.0, 18.0, 18.0, 18.0, 18.0, 18.0, 18.0, 18.0, 18.0, 18.0, 18.0, 18.0, 18.0, 18.0, 18.0, 18.0, 18.0, 18.0, 18.0, 18.0, 18.0, 18.0, 18.0, 18.0, 18.0, 18.0, 18.0, 18.0, 18.0]"
1,01:15:00,0.30050086975097656,0.0,0.12659570667551798,"{'base_score': 0.5, 'booster': 'gbtree', 'colsample_bylevel': 1, 'colsample_bynode': 1, 'colsample_bytree': 1, 'gamma': 0.32830904233725033, 'importance_type': 'gain', 'learning_rate': 0.276605276251635, 'max_delta_step': 0, 'max_depth': 16, 'min_child_weight': 1, 'missing': None, 'n_estimators': 320, 'n_jobs': -1, 'nthread': None, 'objective': 'reg:squarederror', 'random_state': 0, 'reg_alpha': 4.708083447266232, 'reg_lambda': 1, 'scale_pos_weight': 1, 'seed': None, 'silent': None, 'subsample': 1, 'verbosity': 1}",17.945000975,"[18.6995 18.6995 18.6995 18.6995 18.6995 18.6995 18.6995 18.6995 18.6995
 18.6995 18.6995 18.6995 18.6995 18.6995 18.6995 18.6995 18.6995 18.6995
 18.6995 18.6995 18.6995 18.6995 18.6995 18.6995 18.6995 18.6995 18.6995
 18.6995 18.6995 18.6995]","[19.0, 19.0, 19.0, 19.0, 19.0, 19.0, 19.0, 19.0, 19.0, 19.0, 19.0, 19.0, 19.0, 19.0, 19.0, 19.0, 19.0, 19.0, 19.0, 19.0, 19.0, 19.0, 19.0, 19.0, 19.0, 19.0, 19.0, 19.0, 19.0, 19.0]"
2,01:30:00,0.4689788818359375,0.0,0.24074365706100134,"{'base_score': 0.5, 'booster': 'gbtree', 'colsample_bylevel': 1, 'colsample_bynode': 1, 'colsample_bytree': 1, 'gamma': 3.1934186512852913, 'importance_type': 'gain', 'learning_rate': 0.19112615003200722, 'max_delta_step': 0, 'max_depth': 12, 'min_child_weight': 1, 'missing': None, 'n_estimators': 1480, 'n_jobs': -1, 'nthread': None, 'objective': 'reg:squarederror', 'random_state': 0, 'reg_alpha': 8.514280293044264, 'reg_lambda': 1, 'scale_pos_weight': 1, 'seed': None, 'silent': None, 'subsample': 1, 'verbosity': 1}",31.363210544999987,"[18.531021 18.531021 18.531021 18.531021 18.531021 18.531021 18.531021
 18.531021 18.531021 18.531021 18.531021 18.531021 18.531021 18.531021
 18.531021 18.531021 18.531021 18.531021 18.531021 18.531021 18.531021
 18.531021 18.531021 18.531021 18.531021 18.531021 18.531021 18.531021
 18.531021 18.531021]","[19.0, 19.0, 19.0, 19.0, 19.0, 19.0, 19.0, 19.0, 19.0, 19.0, 19.0, 19.0, 19.0, 19.0, 19.0, 19.0, 19.0, 19.0, 19.0, 19.0, 19.0, 19.0, 19.0, 19.0, 19.0, 19.0, 19.0, 19.0, 19.0, 19.0]"
3,01:45:00,0.3083171844482422,0.0,0.1810899819270083,"{'base_score': 0.5, 'booster': 'gbtree', 'colsample_bylevel': 1, 'colsample_bynode': 1, 'colsample_bytree': 1, 'gamma': 4.076555234389044, 'importance_type': 'gain', 'learning_rate': 0.16559397088744218, 'max_delta_step': 0, 'max_depth': 16, 'min_child_weight': 1, 'missing': None, 'n_estimators': 1940, 'n_jobs': -1, 'nthread': None, 'objective': 'reg:squarederror', 'random_state': 0, 'reg_alpha': 2.5126288434601345, 'reg_lambda': 1, 'scale_pos_weight': 1, 'seed': None, 'silent': None, 'subsample': 1, 'verbosity': 1}",36.59886915599998,"[18.691683 18.691683 18.691683 18.691683 18.691683 18.691683 18.691683
 18.691683 18.691683 18.691683 18.691683 18.691683 18.691683 18.691683
 18.691683 18.691683 18.691683 18.691683 18.691683 18.691683 18.691683
 18.691683 18.691683 18.691683 18.691683 18.691683 18.691683 18.691683
 18.691683 18.691683]","[19.0, 19.0, 19.0, 19.0, 19.0, 19.0, 19.0, 19.0, 19.0, 19.0, 19.0, 19.0, 19.0, 19.0, 19.0, 19.0, 19.0, 19.0, 19.0, 19.0, 19.0, 19.0, 19.0, 19.0, 19.0, 19.0, 19.0, 19.0, 19.0, 19.0]"
4,02:00:00,0.6700286865234375,1.0,0.37951219019107896,"{'base_score': 0.5, 'booster': 'gbtree', 'colsample_bylevel': 1, 'colsample_bynode': 1, 'colsample_bytree': 1, 'gamma': 3.4405825321096692, 'importance_type': 'gain', 'learning_rate': 0.15270669262066794, 'max_delta_step': 0, 'max_depth': 10, 'min_child_weight': 1, 'missing': None, 'n_estimators': 1930, 'n_jobs': -1, 'nthread': None, 'objective': 'reg:squarederror', 'random_state': 0, 'reg_alpha': 18.45074860285581, 'reg_lambda': 1, 'scale_pos_weight': 1, 'seed': None, 'silent': None, 'subsample': 1, 'verbosity': 1}",29.636714083000015,"[18.329971 18.329971 18.329971 18.329971 18.329971 18.329971 18.329971
 18.329971 18.329971 18.329971 18.329971 18.329971 18.329971 18.329971
 18.329971 18.329971 18.329971 18.329971 18.329971 18.329971 18.329971
 18.329971 18.329971 18.329971 18.329971 18.329971 18.329971 18.329971
 18.329971 18.329971]","[18.0, 18.0, 18.0, 18.0, 18.0, 18.0, 18.0, 18.0, 18.0, 18.0, 18.0, 18.0, 18.0, 18.0, 18.0, 18.0, 18.0, 18.0, 18.0, 18.0, 18.0, 18.0, 18.0, 18.0, 18.0, 18.0, 18.0, 18.0, 18.0, 18.0]"
5,02:15:00,0.3833789825439453,0.0,0.2760817526781225,"{'base_score': 0.5, 'booster': 'gbtree', 'colsample_bylevel': 1, 'colsample_bynode': 1, 'colsample_bytree': 1, 'gamma': 2.2577098526990835, 'importance_type': 'gain', 'learning_rate': 0.13076333228432008, 'max_delta_step': 0, 'max_depth': 14, 'min_child_weight': 1, 'missing': None, 'n_estimators': 270, 'n_jobs': -1, 'nthread': None, 'objective': 'reg:squarederror', 'random_state': 0, 'reg_alpha': 8.390504215597156, 'reg_lambda': 1, 'scale_pos_weight': 1, 'seed': None, 'silent': None, 'subsample': 1, 'verbosity': 1}",24.589226316999998,"[18.616621 18.616621 18.616621 18.616621 18.616621 18.616621 18.616621
 18.616621 18.616621 18.616621 18.616621 18.616621 18.616621 18.616621
 18.616621 18.616621 18.616621 18.616621 18.616621 18.616621 18.616621
 18.616621 18.616621 18.616621 18.616621 18.616621 18.616621 18.616621
 18.616621 18.616621]","[19.0, 19.0, 19.0, 19.0, 19.0, 19.0, 19.0, 19.0, 19.0, 19.0, 19.0, 19.0, 19.0, 19.0, 19.0, 19.0, 19.0, 19.0, 19.0, 19.0, 19.0, 19.0, 19.0, 19.0, 19.0, 19.0, 19.0, 19.0, 19.0, 19.0]"
6,02:30:00,0.31676292419433594,0.0,0.23893354985443724,"{'base_score': 0.5, 'booster': 'gbtree', 'colsample_bylevel': 1, 'colsample_bynode': 1, 'colsample_bytree': 1, 'gamma': 2.290396096315991, 'importance_type': 'gain', 'learning_rate': 0.23257047910706885, 'max_delta_step': 0, 'max_depth': 14, 'min_child_weight': 1, 'missing': None, 'n_estimators': 1230, 'n_jobs': -1, 'nthread': None, 'objective': 'reg:squarederror', 'random_state': 0, 'reg_alpha': 4.8077384158833025, 'reg_lambda': 1, 'scale_pos_weight': 1, 'seed': None, 'silent': None, 'subsample': 1, 'verbosity': 1}",31.950769121000008,"[18.683237 18.683237 18.683237 18.683237 18.683237 18.683237 18.683237
 18.683237 18.683237 18.683237 18.683237 18.683237 18.683237 18.683237
 18.683237 18.683237 18.683237 18.683237 18.683237 18.683237 18.683237
 18.683237 18.683237 18.683237 18.683237 18.683237 18.683237 18.683237
 18.683237 18.683237]","[19.0, 19.0, 19.0, 19.0, 19.0, 19.0, 19.0, 19.0, 19.0, 19.0, 19.0, 19.0, 19.0, 19.0, 19.0, 19.0, 19.0, 19.0, 19.0, 19.0, 19.0, 19.0, 19.0, 19.0, 19.0, 19.0, 19.0, 19.0, 19.0, 19.0]"
7,02:45:00,0.2887511722886627,0.0,0.2053954237177185,"{'base_score': 0.5, 'booster': 'gbtree', 'colsample_bylevel': 1, 'colsample_bynode': 1, 'colsample_bytree': 1, 'gamma': 1.7268865140258116, 'importance_type': 'gain', 'learning_rate': 0.07062005782611411, 'max_delta_step': 0, 'max_depth': 10, 'min_child_weight': 1, 'missing': None, 'n_estimators': 940, 'n_jobs': -1, 'nthread': None, 'objective': 'reg:squarederror', 'random_state': 0, 'reg_alpha': 4.567173935074671, 'reg_lambda': 1, 'scale_pos_weight': 1, 'seed': None, 'silent': None, 'subsample': 1, 'verbosity': 1}",38.04365725600002,"[18.716599 18.716599 18.716599 18.716599 18.716599 18.716599 18.716599
 18.716599 18.716599 18.716599 18.716599 18.716599 18.716599 18.716599
 18.706648 18.706648 18.706648 18.706648 18.706648 18.706648 18.706648
 18.706648 18.706648 18.706648 18.706648 18.706648 18.706648 18.706648
 18.706648 18.706648]","[19.0, 19.0, 19.0, 19.0, 19.0, 19.0, 19.0, 19.0, 19.0, 19.0, 19.0, 19.0, 19.0, 19.0, 19.0, 19.0, 19.0, 19.0, 19.0, 19.0, 19.0, 19.0, 19.0, 19.0, 19.0, 19.0, 19.0, 19.0, 19.0, 19.0]"
8,03:00:00,0.28441429138183594,0.0,0.21084792050213327,"{'base_score': 0.5, 'booster': 'gbtree', 'colsample_bylevel': 1, 'colsample_bynode': 1, 'colsample_bytree': 1, 'gamma': 3.6764357917650847, 'importance_type': 'gain', 'learning_rate': 0.11422450820419672, 'max_delta_step': 0, 'max_depth': 14, 'min_child_weight': 1, 'missing': None, 'n_estimators': 940, 'n_jobs': -1, 'nthread': None, 'objective': 'reg:squarederror', 'random_state': 0, 'reg_alpha': 2.331773518947954, 'reg_lambda': 1, 'scale_pos_weight': 1, 'seed': None, 'silent': None, 'subsample': 1, 'verbosity': 1}",37.204158131999975,"[18.715586 18.715586 18.715586 18.715586 18.715586 18.715586 18.715586
 18.715586 18.715586 18.715586 18.715586 18.715586 18.715586 18.715586
 18.715586 18.715586 18.715586 18.715586 18.715586 18.715586 18.715586
 18.715586 18.715586 18.715586 18.715586 18.715586 18.715586 18.715586
 18.715586 18.715586]","[19.0, 19.0, 19.0, 19.0, 19.0, 19.0, 19.0, 19.0, 19.0, 19.0, 19.0, 19.0, 19.0, 19.0, 19.0, 19.0, 19.0, 19.0, 19.0, 19.0, 19.0, 19.0, 19.0, 19.0, 19.0, 19.0, 19.0, 19.0, 19.0, 19.0]"
9,03:15:00,0.4711875915527344,0.0,0.3094395829885464,"{'base_score': 0.5, 'booster': 'gbtree', 'colsample_bylevel': 1, 'colsample_bynode': 1, 'colsample_bytree': 1, 'gamma': 8.661211498821809, 'importance_type': 'gain', 'learning_rate': 0.13922341068762525, 'max_delta_step': 0, 'max_depth': 12, 'min_child_weight': 1, 'missing': None, 'n_estimators': 790, 'n_jobs': -1, 'nthread': None, 'objective': 'reg:squarederror', 'random_state': 0, 'reg_alpha': 4.013791326714697, 'reg_lambda': 1, 'scale_pos_weight': 1, 'seed': None, 'silent': None, 'subsample': 1, 'verbosity': 1}",26.339094816,"[18.528812 18.528812 18.528812 18.528812 18.528812 18.528812 18.528812
 18.528812 18.528812 18.528812 18.528812 18.528812 18.528812 18.528812
 18.528812 18.528812 18.528812 18.528812 18.528812 18.528812 18.528812
 18.528812 18.528812 18.528812 18.528812 18.528812 18.528812 18.528812
 18.528812 18.528812]","[19.0, 19.0, 19.0, 19.0, 19.0, 19.0, 19.0, 19.0, 19.0, 19.0, 19.0, 19.0, 19.0, 19.0, 19.0, 19.0, 19.0, 19.0, 19.0, 19.0, 19.0, 19.0, 19.0, 19.0, 19.0, 19.0, 19.0, 19.0, 19.0, 19.0]"
10,03:30:00,0.27519989013671875,0.0,0.16176508185625252,"{'base_score': 0.5, 'booster': 'gbtree', 'colsample_bylevel': 1, 'colsample_bynode': 1, 'colsample_bytree': 1, 'gamma': 0.7522993239928433, 'importance_type': 'gain', 'learning_rate': 0.18924403191576483, 'max_delta_step': 0, 'max_depth': 10, 'min_child_weight': 1, 'missing': None, 'n_estimators': 1680, 'n_jobs': -1, 'nthread': None, 'objective': 'reg:squarederror', 'random_state': 0, 'reg_alpha': 6.982784692286077, 'reg_lambda': 1, 'scale_pos_weight': 1, 'seed': None, 'silent': None, 'subsample': 1, 'verbosity': 1}",30.867630880999968,"[18.7248 18.7248 18.7248 18.7248 18.7248 18.7248 18.7248 18.7248 18.7248
 18.7248 18.7248 18.7248 18.7248 18.7248 18.7248 18.7248 18.7248 18.7248
 18.7248 18.7248 18.7248 18.7248 18.7248 18.7248 18.7248 18.7248 18.7248
 18.7248 18.7248 18.7248]","[19.0, 19.0, 19.0, 19.0, 19.0, 19.0, 19.0, 19.0, 19.0, 19.0, 19.0, 19.0, 19.0, 19.0, 19.0, 19.0, 19.0, 19.0, 19.0, 19.0, 19.0, 19.0, 19.0, 19.0, 19.0, 19.0, 19.0, 19.0, 19.0, 19.0]"
11,03:45:00,0.2896156311035156,0.0,0.17873765523009671,"{'base_score': 0.5, 'booster': 'gbtree', 'colsample_bylevel': 1, 'colsample_bynode': 1, 'colsample_bytree': 1, 'gamma': 3.008339081096066, 'importance_type': 'gain', 'learning_rate': 0.06543966096944535, 'max_delta_step': 0, 'max_depth': 14, 'min_child_weight': 1, 'missing': None, 'n_estimators': 190, 'n_jobs': -1, 'nthread': None, 'objective': 'reg:squarederror', 'random_state': 0, 'reg_alpha': 2.8500032421320474, 'reg_lambda': 1, 'scale_pos_weight': 1, 'seed': None, 'silent': None, 'subsample': 1, 'verbosity': 1}",25.976731461000043,"[18.710384 18.710384 18.710384 18.710384 18.710384 18.710384 18.710384
 18.710384 18.710384 18.710384 18.710384 18.710384 18.710384 18.710384
 18.710384 18.710384 18.710384 18.710384 18.710384 18.710384 18.710384
 18.710384 18.710384 18.710384 18.710384 18.710384 18.710384 18.710384
 18.710384 18.710384]","[19.0, 19.0, 19.0, 19.0, 19.0, 19.0, 19.0, 19.0, 19.0, 19.0, 19.0, 19.0, 19.0, 19.0, 19.0, 19.0, 19.0, 19.0, 19.0, 19.0, 19.0, 19.0, 19.0, 19.0, 19.0, 19.0, 19.0, 19.0, 19.0, 19.0]"
12,04:00:00,0.4185619354248047,0.0,0.24678439326923707,"{'base_score': 0.5, 'booster': 'gbtree', 'colsample_bylevel': 1, 'colsample_bynode': 1, 'colsample_bytree': 1, 'gamma': 8.83510585772066, 'importance_type': 'gain', 'learning_rate': 0.15154198030818986, 'max_delta_step': 0, 'max_depth': 12, 'min_child_weight': 1, 'missing': None, 'n_estimators': 520, 'n_jobs': -1, 'nthread': None, 'objective': 'reg:squarederror', 'random_state': 0, 'reg_alpha': 1.616831868391304, 'reg_lambda': 1, 'scale_pos_weight': 1, 'seed': None, 'silent': None, 'subsample': 1, 'verbosity': 1}",30.127287694000017,"[18.581438 18.581438 18.581438 18.581438 18.581438 18.581438 18.581438
 18.581438 18.581438 18.581438 18.581438 18.581438 18.581438 18.581438
 18.581438 18.581438 18.581438 18.581438 18.581438 18.581438 18.581438
 18.581438 18.581438 18.581438 18.581438 18.581438 18.581438 18.581438
 18.581438 18.581438]","[19.0, 19.0, 19.0, 19.0, 19.0, 19.0, 19.0, 19.0, 19.0, 19.0, 19.0, 19.0, 19.0, 19.0, 19.0, 19.0, 19.0, 19.0, 19.0, 19.0, 19.0, 19.0, 19.0, 19.0, 19.0, 19.0, 19.0, 19.0, 19.0, 19.0]"
13,04:15:00,0.5846691131591797,1.0,0.2751059597252829,"{'base_score': 0.5, 'booster': 'gbtree', 'colsample_bylevel': 1, 'colsample_bynode': 1, 'colsample_bytree': 1, 'gamma': 0.9005749301209343, 'importance_type': 'gain', 'learning_rate': 0.23333459643801183, 'max_delta_step': 0, 'max_depth': 18, 'min_child_weight': 1, 'missing': None, 'n_estimators': 590, 'n_jobs': -1, 'nthread': None, 'objective': 'reg:squarederror', 'random_state': 0, 'reg_alpha': 18.955644220381647, 'reg_lambda': 1, 'scale_pos_weight': 1, 'seed': None, 'silent': None, 'subsample': 1, 'verbosity': 1}",32.62194133600002,"[18.41533 18.41533 18.41533 18.41533 18.41533 18.41533 18.41533 18.41533
 18.41533 18.41533 18.41533 18.41533 18.41533 18.41533 18.41533 18.41533
 18.41533 18.41533 18.41533 18.41533 18.41533 18.41533 18.41533 18.41533
 18.41533 18.41533 18.41533 18.41533 18.41533 18.41533]","[18.0, 18.0, 18.0, 18.0, 18.0, 18.0, 18.0, 18.0, 18.0, 18.0, 18.0, 18.0, 18.0, 18.0, 18.0, 18.0, 18.0, 18.0, 18.0, 18.0, 18.0, 18.0, 18.0, 18.0, 18.0, 18.0, 18.0, 18.0, 18.0, 18.0]"
14,04:30:00,0.4159393310546875,0.0,0.27139348940921193,"{'base_score': 0.5, 'booster': 'gbtree', 'colsample_bylevel': 1, 'colsample_bynode': 1, 'colsample_bytree': 1, 'gamma': 6.7198483644125995, 'importance_type': 'gain', 'learning_rate': 0.19772737341369556, 'max_delta_step': 0, 'max_depth': 12, 'min_child_weight': 1, 'missing': None, 'n_estimators': 1820, 'n_jobs': -1, 'nthread': None, 'objective': 'reg:squarederror', 'random_state': 0, 'reg_alpha': 2.6074728260723203, 'reg_lambda': 1, 'scale_pos_weight': 1, 'seed': None, 'silent': None, 'subsample': 1, 'verbosity': 1}",40.48020707399996,"[18.58406 18.58406 18.58406 18.58406 18.58406 18.58406 18.58406 18.58406
 18.58406 18.58406 18.58406 18.58406 18.58406 18.58406 18.58406 18.58406
 18.58406 18.58406 18.58406 18.58406 18.58406 18.58406 18.58406 18.58406
 18.58406 18.58406 18.58406 18.58406 18.58406 18.58406]","[19.0, 19.0, 19.0, 19.0, 19.0, 19.0, 19.0, 19.0, 19.0, 19.0, 19.0, 19.0, 19.0, 19.0, 19.0, 19.0, 19.0, 19.0, 19.0, 19.0, 19.0, 19.0, 19.0, 19.0, 19.0, 19.0, 19.0, 19.0, 19.0, 19.0]"
15,04:45:00,0.2820892333984375,0.0,0.17195425308779666,"{'base_score': 0.5, 'booster': 'gbtree', 'colsample_bylevel': 1, 'colsample_bynode': 1, 'colsample_bytree': 1, 'gamma': 1.345871884778026, 'importance_type': 'gain', 'learning_rate': 0.16718751163230025, 'max_delta_step': 0, 'max_depth': 16, 'min_child_weight': 1, 'missing': None, 'n_estimators': 480, 'n_jobs': -1, 'nthread': None, 'objective': 'reg:squarederror', 'random_state': 0, 'reg_alpha': 4.4159608134066, 'reg_lambda': 1, 'scale_pos_weight': 1, 'seed': None, 'silent': None, 'subsample': 1, 'verbosity': 1}",31.25782410299996,"[18.71791 18.71791 18.71791 18.71791 18.71791 18.71791 18.71791 18.71791
 18.71791 18.71791 18.71791 18.71791 18.71791 18.71791 18.71791 18.71791
 18.71791 18.71791 18.71791 18.71791 18.71791 18.71791 18.71791 18.71791
 18.71791 18.71791 18.71791 18.71791 18.71791 18.71791]","[19.0, 19.0, 19.0, 19.0, 19.0, 19.0, 19.0, 19.0, 19.0, 19.0, 19.0, 19.0, 19.0, 19.0, 19.0, 19.0, 19.0, 19.0, 19.0, 19.0, 19.0, 19.0, 19.0, 19.0, 19.0, 19.0, 19.0, 19.0, 19.0, 19.0]"
16,05:00:00,0.3706645965576172,0.0,0.2630886458008693,"{'base_score': 0.5, 'booster': 'gbtree', 'colsample_bylevel': 1, 'colsample_bynode': 1, 'colsample_bytree': 1, 'gamma': 7.705594107657795, 'importance_type': 'gain', 'learning_rate': 0.10030310511496793, 'max_delta_step': 0, 'max_depth': 12, 'min_child_weight': 1, 'missing': None, 'n_estimators': 1350, 'n_jobs': -1, 'nthread': None, 'objective': 'reg:squarederror', 'random_state': 0, 'reg_alpha': 0.18790037127339687, 'reg_lambda': 1, 'scale_pos_weight': 1, 'seed': None, 'silent': None, 'subsample': 1, 'verbosity': 1}",29.864491101999988,"[18.629335 18.629335 18.629335 18.629335 18.629335 18.629335 18.629335
 18.629335 18.629335 18.629335 18.629335 18.629335 18.629335 18.629335
 18.629335 18.629335 18.629335 18.629335 18.629335 18.629335 18.629335
 18.629335 18.629335 18.629335 18.629335 18.629335 18.629335 18.629335
 18.629335 18.629335]","[19.0, 19.0, 19.0, 19.0, 19.0, 19.0, 19.0, 19.0, 19.0, 19.0, 19.0, 19.0, 19.0, 19.0, 19.0, 19.0, 19.0, 19.0, 19.0, 19.0, 19.0, 19.0, 19.0, 19.0, 19.0, 19.0, 19.0, 19.0, 19.0, 19.0]"
17,05:15:00,0.5347213745117188,1.0,0.2666039079598599,"{'base_score': 0.5, 'booster': 'gbtree', 'colsample_bylevel': 1, 'colsample_bynode': 1, 'colsample_bytree': 1, 'gamma': 9.414851068348401, 'importance_type': 'gain', 'learning_rate': 0.20298437994112672, 'max_delta_step': 0, 'max_depth': 14, 'min_child_weight': 1, 'missing': None, 'n_estimators': 1580, 'n_jobs': -1, 'nthread': None, 'objective': 'reg:squarederror', 'random_state': 0, 'reg_alpha': 6.778161594990366, 'reg_lambda': 1, 'scale_pos_weight': 1, 'seed': None, 'silent': None, 'subsample': 1, 'verbosity': 1}",43.017240216999994,"[18.465279 18.465279 18.465279 18.465279 18.465279 18.465279 18.465279
 18.465279 18.465279 18.465279 18.465279 18.465279 18.465279 18.465279
 18.465279 18.465279 18.465279 18.465279 18.465279 18.465279 18.465279
 18.465279 18.465279 18.465279 18.465279 18.465279 18.465279 18.465279
 18.465279 18.465279]","[18.0, 18.0, 18.0, 18.0, 18.0, 18.0, 18.0, 18.0, 18.0, 18.0, 18.0, 18.0, 18.0, 18.0, 18.0, 18.0, 18.0, 18.0, 18.0, 18.0, 18.0, 18.0, 18.0, 18.0, 18.0, 18.0, 18.0, 18.0, 18.0, 18.0]"
18,05:30:00,0.38072967529296875,0.0,0.1717906260436507,"{'base_score': 0.5, 'booster': 'gbtree', 'colsample_bylevel': 1, 'colsample_bynode': 1, 'colsample_bytree': 1, 'gamma': 2.880832093963787, 'importance_type': 'gain', 'learning_rate': 0.2059192671275232, 'max_delta_step': 0, 'max_depth': 18, 'min_child_weight': 1, 'missing': None, 'n_estimators': 1370, 'n_jobs': -1, 'nthread': None, 'objective': 'reg:squarederror', 'random_state': 0, 'reg_alpha': 4.835675349285488, 'reg_lambda': 1, 'scale_pos_weight': 1, 'seed': None, 'silent': None, 'subsample': 1, 'verbosity': 1}",42.57325172599997,"[18.61927 18.61927 18.61927 18.61927 18.61927 18.61927 18.61927 18.61927
 18.61927 18.61927 18.61927 18.61927 18.61927 18.61927 18.61927 18.61927
 18.61927 18.61927 18.61927 18.61927 18.61927 18.61927 18.61927 18.61927
 18.61927 18.61927 18.61927 18.61927 18.61927 18.61927]","[19.0, 19.0, 19.0, 19.0, 19.0, 19.0, 19.0, 19.0, 19.0, 19.0, 19.0, 19.0, 19.0, 19.0, 19.0, 19.0, 19.0, 19.0, 19.0, 19.0, 19.0, 19.0, 19.0, 19.0, 19.0, 19.0, 19.0, 19.0, 19.0, 19.0]"
19,05:45:00,0.3580760955810547,0.0,0.1621681753235447,"{'base_score': 0.5, 'booster': 'gbtree', 'colsample_bylevel': 1, 'colsample_bynode': 1, 'colsample_bytree': 1, 'gamma': 1.030468015365128, 'importance_type': 'gain', 'learning_rate': 0.04008196609075482, 'max_delta_step': 0, 'max_depth': 10, 'min_child_weight': 1, 'missing': None, 'n_estimators': 900, 'n_jobs': -1, 'nthread': None, 'objective': 'reg:squarederror', 'random_state': 0, 'reg_alpha': 6.732678428513404, 'reg_lambda': 1, 'scale_pos_weight': 1, 'seed': None, 'silent': None, 'subsample': 1, 'verbosity': 1}",31.83156419599993,"[18.641924 18.641924 18.641924 18.641924 18.641924 18.641924 18.641924
 18.641924 18.641924 18.641924 18.641924 18.641924 18.641924 18.641924
 18.641924 18.641924 18.641924 18.641924 18.641924 18.641924 18.641924
 18.641924 18.641924 18.641924 18.641924 18.641924 18.641924 18.641924
 18.641924 18.641924]","[19.0, 19.0, 19.0, 19.0, 19.0, 19.0, 19.0, 19.0, 19.0, 19.0, 19.0, 19.0, 19.0, 19.0, 19.0, 19.0, 19.0, 19.0, 19.0, 19.0, 19.0, 19.0, 19.0, 19.0, 19.0, 19.0, 19.0, 19.0, 19.0, 19.0]"
20,06:00:00,0.4021873474121094,0.0,0.25430183696347075,"{'base_score': 0.5, 'booster': 'gbtree', 'colsample_bylevel': 1, 'colsample_bynode': 1, 'colsample_bytree': 1, 'gamma': 1.3696215772453169, 'importance_type': 'gain', 'learning_rate': 0.21034518774289676, 'max_delta_step': 0, 'max_depth': 10, 'min_child_weight': 1, 'missing': None, 'n_estimators': 1200, 'n_jobs': -1, 'nthread': None, 'objective': 'reg:squarederror', 'random_state': 0, 'reg_alpha': 8.900055118970343, 'reg_lambda': 1, 'scale_pos_weight': 1, 'seed': None, 'silent': None, 'subsample': 1, 'verbosity': 1}",31.39550246400006,"[18.597813 18.597813 18.597813 18.597813 18.597813 18.597813 18.597813
 18.597813 18.597813 18.597813 18.597813 18.597813 18.597813 18.597813
 18.597813 18.597813 18.597813 18.597813 18.597813 18.597813 18.597813
 18.597813 18.597813 18.597813 18.597813 18.597813 18.597813 18.597813
 18.597813 18.597813]","[19.0, 19.0, 19.0, 19.0, 19.0, 19.0, 19.0, 19.0, 19.0, 19.0, 19.0, 19.0, 19.0, 19.0, 19.0, 19.0, 19.0, 19.0, 19.0, 19.0, 19.0, 19.0, 19.0, 19.0, 19.0, 19.0, 19.0, 19.0, 19.0, 19.0]"
21,06:15:00,0.5001888275146484,1.0,0.2842603803788931,"{'base_score': 0.5, 'booster': 'gbtree', 'colsample_bylevel': 1, 'colsample_bynode': 1, 'colsample_bytree': 1, 'gamma': 4.830246355940738, 'importance_type': 'gain', 'learning_rate': 0.22042450546919393, 'max_delta_step': 0, 'max_depth': 12, 'min_child_weight': 1, 'missing': None, 'n_estimators': 750, 'n_jobs': -1, 'nthread': None, 'objective': 'reg:squarederror', 'random_state': 0, 'reg_alpha': 7.680302029340289, 'reg_lambda': 1, 'scale_pos_weight': 1, 'seed': None, 'silent': None, 'subsample': 1, 'verbosity': 1}",43.76357137999992,"[18.499811 18.499811 18.499811 18.499811 18.499811 18.499811 18.499811
 18.499811 18.499811 18.499811 18.499811 18.499811 18.499811 18.499811
 18.499811 18.499811 18.499811 18.499811 18.499811 18.499811 18.499811
 18.499811 18.499811 18.499811 18.499811 18.499811 18.499811 18.499811
 18.499811 18.499811]","[18.0, 18.0, 18.0, 18.0, 18.0, 18.0, 18.0, 18.0, 18.0, 18.0, 18.0, 18.0, 18.0, 18.0, 18.0, 18.0, 18.0, 18.0, 18.0, 18.0, 18.0, 18.0, 18.0, 18.0, 18.0, 18.0, 18.0, 18.0, 18.0, 18.0]"
22,06:30:00,0.4799942147370541,0.3651483716701107,0.31245935158311783,"{'base_score': 0.5, 'booster': 'gbtree', 'colsample_bylevel': 1, 'colsample_bynode': 1, 'colsample_bytree': 1, 'gamma': 1.8367053206672623, 'importance_type': 'gain', 'learning_rate': 0.24874017925221914, 'max_delta_step': 0, 'max_depth': 18, 'min_child_weight': 1, 'missing': None, 'n_estimators': 1970, 'n_jobs': -1, 'nthread': None, 'objective': 'reg:squarederror', 'random_state': 0, 'reg_alpha': 12.363984316652735, 'reg_lambda': 1, 'scale_pos_weight': 1, 'seed': None, 'silent': None, 'subsample': 1, 'verbosity': 1}",38.37755167099999,"[18.503931 18.503931 18.503931 18.503931 18.503931 18.503931 18.503931
 18.503931 18.503931 18.503931 18.503931 18.42624  18.42624  18.42624
 18.42624  18.42624  17.94191  17.63531  17.517786 17.517786 17.517786
 17.517786 17.517786 17.517786 17.517786 17.517786 17.517786 17.517786
 17.517786 18.110537]","[19.0, 19.0, 19.0, 19.0, 19.0, 19.0, 19.0, 19.0, 19.0, 19.0, 19.0, 18.0, 18.0, 18.0, 18.0, 18.0, 18.0, 18.0, 18.0, 18.0, 18.0, 18.0, 18.0, 18.0, 18.0, 18.0, 18.0, 18.0, 18.0, 18.0]"
23,06:45:00,0.2521307060472211,0.2581988897471611,0.3267601305195789,"{'base_score': 0.5, 'booster': 'gbtree', 'colsample_bylevel': 1, 'colsample_bynode': 1, 'colsample_bytree': 1, 'gamma': 3.9904635449646255, 'importance_type': 'gain', 'learning_rate': 0.19522639289994195, 'max_delta_step': 0, 'max_depth': 12, 'min_child_weight': 1, 'missing': None, 'n_estimators': 350, 'n_jobs': -1, 'nthread': None, 'objective': 'reg:squarederror', 'random_state': 0, 'reg_alpha': 1.00801294889334, 'reg_lambda': 1, 'scale_pos_weight': 1, 'seed': None, 'silent': None, 'subsample': 1, 'verbosity': 1}",56.309261189999916,"[18.805347 18.698593 18.366228 18.156166 18.156166 18.156166 18.156166
 18.156166 18.156166 18.156166 18.156166 18.156166 18.156166 18.156166
 17.848324 17.848324 17.848324 17.848324 17.848324 17.848324 17.848324
 17.848324 17.848324 17.848324 17.848324 17.848324 17.848324 17.848324
 17.848324 17.848324]","[19.0, 19.0, 18.0, 18.0, 18.0, 18.0, 18.0, 18.0, 18.0, 18.0, 18.0, 18.0, 18.0, 18.0, 18.0, 18.0, 18.0, 18.0, 18.0, 18.0, 18.0, 18.0, 18.0, 18.0, 18.0, 18.0, 18.0, 18.0, 18.0, 18.0]"
24,07:00:00,2.33198188230704,2.449489742783178,0.5083649849469514,"{'base_score': 0.5, 'booster': 'gbtree', 'colsample_bylevel': 1, 'colsample_bynode': 1, 'colsample_bytree': 1, 'gamma': 0.48796020739392265, 'importance_type': 'gain', 'learning_rate': 0.03902328790747072, 'max_delta_step': 0, 'max_depth': 16, 'min_child_weight': 1, 'missing': None, 'n_estimators': 1820, 'n_jobs': -1, 'nthread': None, 'objective': 'reg:squarederror', 'random_state': 0, 'reg_alpha': 30.023529255115704, 'reg_lambda': 1, 'scale_pos_weight': 1, 'seed': None, 'silent': None, 'subsample': 1, 'verbosity': 1}",36.52550080599997,"[16.05171  16.05171  16.05171  16.05171  16.05171  16.05171  16.05171
 16.05171  16.05171  16.05171  16.05171  16.05171  16.05171  15.995114
 15.653174 15.653174 15.653174 15.317344 15.317344 15.247006 15.247006
 15.247006 15.247006 15.247006 15.247006 15.247006 15.247006 15.247006
 15.247006 15.247006]","[16.0, 16.0, 16.0, 16.0, 16.0, 16.0, 16.0, 16.0, 16.0, 16.0, 16.0, 16.0, 16.0, 16.0, 16.0, 16.0, 16.0, 15.0, 15.0, 15.0, 15.0, 15.0, 15.0, 15.0, 15.0, 15.0, 15.0, 15.0, 15.0, 15.0]"
25,07:15:00,2.1113602369041384,2.3380903889000244,0.5278663430328737,"{'base_score': 0.5, 'booster': 'gbtree', 'colsample_bylevel': 1, 'colsample_bynode': 1, 'colsample_bytree': 1, 'gamma': 9.4320095076543, 'importance_type': 'gain', 'learning_rate': 0.16158202106895928, 'max_delta_step': 0, 'max_depth': 18, 'min_child_weight': 1, 'missing': None, 'n_estimators': 360, 'n_jobs': -1, 'nthread': None, 'objective': 'reg:squarederror', 'random_state': 0, 'reg_alpha': 6.930694921113228, 'reg_lambda': 1, 'scale_pos_weight': 1, 'seed': None, 'silent': None, 'subsample': 1, 'verbosity': 1}",35.68940676700004,"[16.964434 16.964434 16.225842 16.225842 15.370985 15.370985 15.370985
 15.370985 15.370985 15.318902 15.318902 15.318902 15.318902 15.318902
 15.318902 15.318902 15.300468 15.300468 14.696604 14.696604 14.696604
 14.696604 14.397058 14.397058 14.397058 14.397058 14.397058 14.397058
 14.397058 14.397058]","[17.0, 17.0, 16.0, 16.0, 15.0, 15.0, 15.0, 15.0, 15.0, 15.0, 15.0, 15.0, 15.0, 15.0, 15.0, 15.0, 15.0, 15.0, 15.0, 15.0, 15.0, 15.0, 14.0, 14.0, 14.0, 14.0, 14.0, 14.0, 14.0, 14.0]"
26,07:30:00,1.4189558152488673,1.3416407864998738,0.520588046638783,"{'base_score': 0.5, 'booster': 'gbtree', 'colsample_bylevel': 1, 'colsample_bynode': 1, 'colsample_bytree': 1, 'gamma': 1.5432615040778397, 'importance_type': 'gain', 'learning_rate': 0.12882849023330753, 'max_delta_step': 0, 'max_depth': 18, 'min_child_weight': 1, 'missing': None, 'n_estimators': 720, 'n_jobs': -1, 'nthread': None, 'objective': 'reg:squarederror', 'random_state': 0, 'reg_alpha': 8.01198917754915, 'reg_lambda': 1, 'scale_pos_weight': 1, 'seed': None, 'silent': None, 'subsample': 1, 'verbosity': 1}",31.470363599000052,"[16.711117  16.311745  16.311745  15.628509  15.628509  15.557545
 15.557545  14.881928  14.698313  14.698313  14.698313  14.678715
 14.678715  14.678715  14.678715  14.678715  14.678715  14.678715
 14.314208  14.17205   14.105955  14.105955  14.0600815 13.909335
 13.909335  13.867597  13.819547  13.702131  13.702131  14.535907 ]","[17.0, 16.0, 16.0, 16.0, 16.0, 16.0, 16.0, 15.0, 15.0, 15.0, 15.0, 15.0, 15.0, 15.0, 15.0, 15.0, 15.0, 15.0, 14.0, 14.0, 14.0, 14.0, 14.0, 14.0, 14.0, 14.0, 14.0, 14.0, 14.0, 15.0]"
27,07:45:00,1.35146175787066,1.378404875209022,0.44638105734564226,"{'base_score': 0.5, 'booster': 'gbtree', 'colsample_bylevel': 1, 'colsample_bynode': 1, 'colsample_bytree': 1, 'gamma': 1.2930774516266708, 'importance_type': 'gain', 'learning_rate': 0.19920872617402968, 'max_delta_step': 0, 'max_depth': 12, 'min_child_weight': 1, 'missing': None, 'n_estimators': 770, 'n_jobs': -1, 'nthread': None, 'objective': 'reg:squarederror', 'random_state': 0, 'reg_alpha': 5.286732618938963, 'reg_lambda': 1, 'scale_pos_weight': 1, 'seed': None, 'silent': None, 'subsample': 1, 'verbosity': 1}",30.718320002000155,"[15.1833725 15.1833725 15.1833725 15.122034  15.122034  15.122034
 15.122034  15.122034  15.122034  15.122034  15.202863  15.145862
 15.025465  15.025465  14.175787  14.175787  14.175787  14.175787
 14.175787  14.175787  14.175787  14.175787  14.04001   13.755671
 13.696183  13.696183  13.696183  13.696183  13.304561  13.304561 ]","[15.0, 15.0, 15.0, 15.0, 15.0, 15.0, 15.0, 15.0, 15.0, 15.0, 15.0, 15.0, 15.0, 15.0, 14.0, 14.0, 14.0, 14.0, 14.0, 14.0, 14.0, 14.0, 14.0, 14.0, 14.0, 14.0, 14.0, 14.0, 13.0, 13.0]"
28,08:00:00,0.9691313068483693,1.0488088481701516,0.7141846689677878,"{'base_score': 0.5, 'booster': 'gbtree', 'colsample_bylevel': 1, 'colsample_bynode': 1, 'colsample_bytree': 1, 'gamma': 3.608070174957846, 'importance_type': 'gain', 'learning_rate': 0.28912536547174184, 'max_delta_step': 0, 'max_depth': 12, 'min_child_weight': 1, 'missing': None, 'n_estimators': 440, 'n_jobs': -1, 'nthread': None, 'objective': 'reg:squarederror', 'random_state': 0, 'reg_alpha': 7.697089668404312, 'reg_lambda': 1, 'scale_pos_weight': 1, 'seed': None, 'silent': None, 'subsample': 1, 'verbosity': 1}",37.07663608100006,"[13.151817 13.151817 13.151817 13.151817 13.151817 13.151817 13.151817
 13.054792 12.468319 12.468319 12.468319 12.468319 12.468319 12.068807
 12.068807 12.068807 12.068807 12.068807 12.068807 10.884305 10.139064
 10.139064  9.531233  9.531233  9.414122  9.414122  9.414122  9.414122
  9.414122  9.414122]","[13.0, 13.0, 13.0, 13.0, 13.0, 13.0, 13.0, 13.0, 12.0, 12.0, 12.0, 12.0, 12.0, 12.0, 12.0, 12.0, 12.0, 12.0, 12.0, 11.0, 10.0, 10.0, 10.0, 10.0, 9.0, 9.0, 9.0, 9.0, 9.0, 9.0]"
29,08:15:00,2.125103939142092,2.250925735484551,0.7909818831026019,"{'base_score': 0.5, 'booster': 'gbtree', 'colsample_bylevel': 1, 'colsample_bynode': 1, 'colsample_bytree': 1, 'gamma': 6.308616823717459, 'importance_type': 'gain', 'learning_rate': 0.17573497014190387, 'max_delta_step': 0, 'max_depth': 14, 'min_child_weight': 1, 'missing': None, 'n_estimators': 1320, 'n_jobs': -1, 'nthread': None, 'objective': 'reg:squarederror', 'random_state': 0, 'reg_alpha': 16.419822923914953, 'reg_lambda': 1, 'scale_pos_weight': 1, 'seed': None, 'silent': None, 'subsample': 1, 'verbosity': 1}",40.09684684999979,"[11.852623  11.852623  11.795489  11.712701  10.680312  10.661693
 10.661693   9.759994   9.759994   9.759994   9.081888   9.169378
  9.169378   9.169378   9.169378   8.326929   8.326929   7.3996854
  6.8631215  7.064887   7.4267187  7.4267187  7.4267187  7.0071015
  7.0071015  7.0071015  7.0071015  7.0071015  7.0071015  7.0071015]","[12.0, 12.0, 12.0, 12.0, 11.0, 11.0, 11.0, 10.0, 10.0, 10.0, 9.0, 9.0, 9.0, 9.0, 9.0, 8.0, 8.0, 7.0, 7.0, 7.0, 7.0, 7.0, 7.0, 7.0, 7.0, 7.0, 7.0, 7.0, 7.0, 7.0]"
30,08:30:00,3.881978824248687,3.8815804341359033,0.6573033788007713,"{'base_score': 0.5, 'booster': 'gbtree', 'colsample_bylevel': 1, 'colsample_bynode': 1, 'colsample_bytree': 1, 'gamma': 0.5565079075629753, 'importance_type': 'gain', 'learning_rate': 0.05661708747244483, 'max_delta_step': 0, 'max_depth': 12, 'min_child_weight': 1, 'missing': None, 'n_estimators': 1320, 'n_jobs': -1, 'nthread': None, 'objective': 'reg:squarederror', 'random_state': 0, 'reg_alpha': 6.411593792720895, 'reg_lambda': 1, 'scale_pos_weight': 1, 'seed': None, 'silent': None, 'subsample': 1, 'verbosity': 1}",39.730328783999994,"[8.285048  7.7448483 7.4964733 7.2740407 7.236842  7.119429  7.119429
 7.119429  5.845026  5.775453  5.9182744 5.667028  5.667028  5.667028
 5.4372735 5.4372735 5.022668  4.7361975 3.7483985 3.7483985 3.353726
 2.9328399 2.3354402 2.3354402 2.0609417 1.9535685 1.9352134 1.64429
 1.5330384 1.219085 ]","[8.0, 8.0, 7.0, 7.0, 7.0, 7.0, 7.0, 7.0, 6.0, 6.0, 6.0, 6.0, 6.0, 6.0, 5.0, 5.0, 5.0, 5.0, 4.0, 4.0, 3.0, 3.0, 2.0, 2.0, 2.0, 2.0, 2.0, 2.0, 2.0, 1.0]"
31,08:45:00,0.7098850176852836,0.752772652709081,1.1270157483434622,"{'base_score': 0.5, 'booster': 'gbtree', 'colsample_bylevel': 1, 'colsample_bynode': 1, 'colsample_bytree': 1, 'gamma': 7.24696809947294, 'importance_type': 'gain', 'learning_rate': 0.2370734095525838, 'max_delta_step': 0, 'max_depth': 12, 'min_child_weight': 1, 'missing': None, 'n_estimators': 400, 'n_jobs': -1, 'nthread': None, 'objective': 'reg:squarederror', 'random_state': 0, 'reg_alpha': 13.241783178373634, 'reg_lambda': 1, 'scale_pos_weight': 1, 'seed': None, 'silent': None, 'subsample': 1, 'verbosity': 1}",40.94426010999996,"[8.381098  8.381098  8.381098  7.290343  7.290343  7.290343  6.935337
 6.527339  6.527339  6.0770283 6.0770283 5.034112  5.034112  5.034112
 3.4818053 3.4818053 3.4818053 3.4818053 3.4818053 3.4818053 3.4818053
 3.4818053 3.4818053 3.4818053 3.4818053 3.4818053 3.4818053 3.4818053
 3.4818053 4.193594 ]","[8.0, 8.0, 8.0, 7.0, 7.0, 7.0, 7.0, 7.0, 7.0, 6.0, 6.0, 5.0, 5.0, 5.0, 3.0, 3.0, 3.0, 3.0, 3.0, 3.0, 3.0, 3.0, 3.0, 3.0, 3.0, 3.0, 3.0, 3.0, 3.0, 4.0]"
32,09:00:00,1.653375539839564,1.591644851508443,0.9282173332546076,"{'base_score': 0.5, 'booster': 'gbtree', 'colsample_bylevel': 1, 'colsample_bynode': 1, 'colsample_bytree': 1, 'gamma': 5.067304873145305, 'importance_type': 'gain', 'learning_rate': 0.13774469074227466, 'max_delta_step': 0, 'max_depth': 10, 'min_child_weight': 1, 'missing': None, 'n_estimators': 1220, 'n_jobs': -1, 'nthread': None, 'objective': 'reg:squarederror', 'random_state': 0, 'reg_alpha': 2.6664374031399225, 'reg_lambda': 1, 'scale_pos_weight': 1, 'seed': None, 'silent': None, 'subsample': 1, 'verbosity': 1}",35.48044599800005,"[2.454524  2.454524  1.9874967 1.8437304 1.8437304 1.8437304 1.8437304
 1.6707163 1.6707163 1.6707163 1.6707163 1.6707163 1.6707163 1.6707163
 1.9880211 1.9880211 1.9880211 1.9880211 2.0585322 2.0585322 2.0585322
 2.0585322 2.0585322 2.0585322 2.0585322 2.0585322 2.1752825 3.0558248
 3.0558248 2.9590077]","[2.0, 2.0, 2.0, 2.0, 2.0, 2.0, 2.0, 2.0, 2.0, 2.0, 2.0, 2.0, 2.0, 2.0, 2.0, 2.0, 2.0, 2.0, 2.0, 2.0, 2.0, 2.0, 2.0, 2.0, 2.0, 2.0, 2.0, 3.0, 3.0, 3.0]"
33,09:15:00,5.582984278931868,5.645056834671079,1.388377370548837,"{'base_score': 0.5, 'booster': 'gbtree', 'colsample_bylevel': 1, 'colsample_bynode': 1, 'colsample_bytree': 1, 'gamma': 6.469191064639465, 'importance_type': 'gain', 'learning_rate': 0.09297013964656232, 'max_delta_step': 0, 'max_depth': 18, 'min_child_weight': 1, 'missing': None, 'n_estimators': 1150, 'n_jobs': -1, 'nthread': None, 'objective': 'reg:squarederror', 'random_state': 0, 'reg_alpha': 6.862044983261997, 'reg_lambda': 1, 'scale_pos_weight': 1, 'seed': None, 'silent': None, 'subsample': 1, 'verbosity': 1}",34.82500825499983,"[3.0584083 3.0584083 3.0584083 3.1170478 3.1170478 3.1170478 3.1170478
 3.1170478 3.1170478 3.0317838 2.692836  2.7257814 2.92635   2.92635
 2.92635   2.92635   3.512363  4.488388  5.5592976 5.5592976 5.9180856
 8.131756  8.898586  8.898586  8.872642  8.872642  8.872642  8.872642
 8.872642  9.174308 ]","[3.0, 3.0, 3.0, 3.0, 3.0, 3.0, 3.0, 3.0, 3.0, 3.0, 3.0, 3.0, 3.0, 3.0, 3.0, 3.0, 4.0, 4.0, 6.0, 6.0, 6.0, 8.0, 9.0, 9.0, 9.0, 9.0, 9.0, 9.0, 9.0, 9.0]"
34,09:30:00,9.834865820980804,9.860696391905256,0.9505191782142679,"{'base_score': 0.5, 'booster': 'gbtree', 'colsample_bylevel': 1, 'colsample_bynode': 1, 'colsample_bytree': 1, 'gamma': 4.750093579808784, 'importance_type': 'gain', 'learning_rate': 0.1988776976848261, 'max_delta_step': 0, 'max_depth': 16, 'min_child_weight': 1, 'missing': None, 'n_estimators': 1230, 'n_jobs': -1, 'nthread': None, 'objective': 'reg:squarederror', 'random_state': 0, 'reg_alpha': 0.6978405970793136, 'reg_lambda': 1, 'scale_pos_weight': 1, 'seed': None, 'silent': None, 'subsample': 1, 'verbosity': 1}",40.3370749579999,"[ 0.8889168  0.8889168  1.6328939  2.0169687  2.0169687  2.1363811
  4.234673   4.871262   4.871262   5.83445    5.8115425  5.8115425
  5.8115425  5.8115425  7.2015085  7.7491417 10.495814  11.52269
 12.481435  13.28208   14.610047  14.610047  14.610047  14.610047
 14.549255  14.318252  14.318252  14.318252  14.318252  12.156137 ]","[1.0, 1.0, 2.0, 2.0, 2.0, 2.0, 4.0, 5.0, 5.0, 6.0, 6.0, 6.0, 6.0, 6.0, 7.0, 8.0, 10.0, 12.0, 12.0, 13.0, 15.0, 15.0, 15.0, 15.0, 15.0, 14.0, 14.0, 14.0, 14.0, 12.0]"
35,09:45:00,2.3135740759596235,2.16794833886788,1.1450921014487667,"{'base_score': 0.5, 'booster': 'gbtree', 'colsample_bylevel': 1, 'colsample_bynode': 1, 'colsample_bytree': 1, 'gamma': 8.783605942075729, 'importance_type': 'gain', 'learning_rate': 0.1735241651384821, 'max_delta_step': 0, 'max_depth': 18, 'min_child_weight': 1, 'missing': None, 'n_estimators': 160, 'n_jobs': -1, 'nthread': None, 'objective': 'reg:squarederror', 'random_state': 0, 'reg_alpha': 3.855040607991305, 'reg_lambda': 1, 'scale_pos_weight': 1, 'seed': None, 'silent': None, 'subsample': 1, 'verbosity': 1}",31.49989412700006,"[0.4922525  0.4922525  0.4922525  0.4922525  0.4922525  0.4922525
 0.4922525  0.4922525  0.4922525  0.4922525  0.4922525  0.4922525
 0.4922525  0.4922525  0.71019924 0.71019924 0.71019924 0.71019924
 0.71019924 0.74493486 0.74493486 0.74493486 0.74493486 0.64142543
 0.5723814  0.5723814  0.5723814  0.5723814  0.5723814  0.5723814 ]","[0.0, 0.0, 0.0, 0.0, 0.0, 0.0, 0.0, 0.0, 0.0, 0.0, 0.0, 0.0, 0.0, 0.0, 1.0, 1.0, 1.0, 1.0, 1.0, 1.0, 1.0, 1.0, 1.0, 1.0, 1.0, 1.0, 1.0, 1.0, 1.0, 1.0]"
36,10:00:00,8.520342713591088,8.843076387773658,0.4766394498375202,"{'base_score': 0.5, 'booster': 'gbtree', 'colsample_bylevel': 1, 'colsample_bynode': 1, 'colsample_bytree': 1, 'gamma': 2.9261841656875154, 'importance_type': 'gain', 'learning_rate': 0.13228247692467526, 'max_delta_step': 0, 'max_depth': 14, 'min_child_weight': 1, 'missing': None, 'n_estimators': 1080, 'n_jobs': -1, 'nthread': None, 'objective': 'reg:squarederror', 'random_state': 0, 'reg_alpha': 0.48340562411907745, 'reg_lambda': 1, 'scale_pos_weight': 1, 'seed': None, 'silent': None, 'subsample': 1, 'verbosity': 1}",39.15360571499991,"[0.5612378  0.5612378  0.5612378  0.5612378  0.5661336  0.5661336
 0.45632395 0.41678816 0.41678816 0.41678816 0.41678816 0.41678816
 0.41678816 0.41678816 0.41678816 0.41678816 0.41678816 0.41678816
 0.41678816 0.41678816 0.41678816 0.41678816 0.41678816 0.41678816
 0.41678816 0.41678816 0.41678816 0.41678816 0.41678816 0.41678816]","[1.0, 1.0, 1.0, 1.0, 1.0, 1.0, 0.0, 0.0, 0.0, 0.0, 0.0, 0.0, 0.0, 0.0, 0.0, 0.0, 0.0, 0.0, 0.0, 0.0, 0.0, 0.0, 0.0, 0.0, 0.0, 0.0, 0.0, 0.0, 0.0, 0.0]"
37,10:15:00,10.175276001873176,10.13081108960844,1.1913030055083265,"{'base_score': 0.5, 'booster': 'gbtree', 'colsample_bylevel': 1, 'colsample_bynode': 1, 'colsample_bytree': 1, 'gamma': 0.27711776995021253, 'importance_type': 'gain', 'learning_rate': 0.19734204408806913, 'max_delta_step': 0, 'max_depth': 18, 'min_child_weight': 1, 'missing': None, 'n_estimators': 730, 'n_jobs': -1, 'nthread': None, 'objective': 'reg:squarederror', 'random_state': 0, 'reg_alpha': 14.183352543222453, 'reg_lambda': 1, 'scale_pos_weight': 1, 'seed': None, 'silent': None, 'subsample': 1, 'verbosity': 1}",30.224835127999995,"[2.257022   2.2269607  2.0867412  1.6743082  1.6743082  1.5667208
 1.5174396  1.5174396  1.5174396  1.4433546  1.4433546  1.4433546
 1.2881985  1.2881985  1.1446229  1.1027367  1.1027367  1.1027367
 0.83594567 0.83594567 0.83594567 0.83594567 0.83594567 0.83594567
 0.83594567 0.83594567 0.83594567 0.83594567 0.83594567 0.83594567]","[2.0, 2.0, 2.0, 2.0, 2.0, 2.0, 2.0, 2.0, 2.0, 1.0, 1.0, 1.0, 1.0, 1.0, 1.0, 1.0, 1.0, 1.0, 1.0, 1.0, 1.0, 1.0, 1.0, 1.0, 1.0, 1.0, 1.0, 1.0, 1.0, 1.0]"
38,10:30:00,2.1054176420525628,2.1525179054617256,1.1665621570936824,"{'base_score': 0.5, 'booster': 'gbtree', 'colsample_bylevel': 1, 'colsample_bynode': 1, 'colsample_bytree': 1, 'gamma': 2.222640744627843, 'importance_type': 'gain', 'learning_rate': 0.1603757937338333, 'max_delta_step': 0, 'max_depth': 12, 'min_child_weight': 1, 'missing': None, 'n_estimators': 600, 'n_jobs': -1, 'nthread': None, 'objective': 'reg:squarederror', 'random_state': 0, 'reg_alpha': 14.408711568330409, 'reg_lambda': 1, 'scale_pos_weight': 1, 'seed': None, 'silent': None, 'subsample': 1, 'verbosity': 1}",33.028641852999954,"[10.482245  10.482245  10.482245  10.482245  10.482245  10.482245
 10.037906  10.037906  10.037906  10.037906   9.731824   9.731824
  9.731824   9.731824   9.731824   9.731824   9.731824   9.731824
  9.731824   9.731824   9.731824   9.731824   9.731824   9.731824
  9.731824   8.879022   8.879022   8.084665   8.084665   2.2126403]","[10.0, 10.0, 10.0, 10.0, 10.0, 10.0, 10.0, 10.0, 10.0, 10.0, 10.0, 10.0, 10.0, 10.0, 10.0, 10.0, 10.0, 10.0, 10.0, 10.0, 10.0, 10.0, 10.0, 10.0, 10.0, 9.0, 9.0, 8.0, 8.0, 2.0]"
39,10:45:00,1.0204619451555639,0.9128709291752769,1.0966708200835789,"{'base_score': 0.5, 'booster': 'gbtree', 'colsample_bylevel': 1, 'colsample_bynode': 1, 'colsample_bytree': 1, 'gamma': 4.7193384424563325, 'importance_type': 'gain', 'learning_rate': 0.25408455123151424, 'max_delta_step': 0, 'max_depth': 14, 'min_child_weight': 1, 'missing': None, 'n_estimators': 400, 'n_jobs': -1, 'nthread': None, 'objective': 'reg:squarederror', 'random_state': 0, 'reg_alpha': 14.281360752655292, 'reg_lambda': 1, 'scale_pos_weight': 1, 'seed': None, 'silent': None, 'subsample': 1, 'verbosity': 1}",29.744485870000062,"[10.655646 10.655646 10.655646 10.655646 10.655646 10.655646 10.655646
 10.655646 10.655646 10.655646  9.930793  9.930793  9.392787  9.392787
  8.647886  8.647886  8.647886  8.647886  8.647886  8.647886  8.647886
  8.647886  8.815647  8.815647  8.815647  8.815647  8.815647  8.815647
  8.815647  8.815647]","[11.0, 11.0, 11.0, 11.0, 11.0, 11.0, 11.0, 11.0, 11.0, 11.0, 10.0, 10.0, 9.0, 9.0, 9.0, 9.0, 9.0, 9.0, 9.0, 9.0, 9.0, 9.0, 9.0, 9.0, 9.0, 9.0, 9.0, 9.0, 9.0, 9.0]"
40,11:00:00,0.9398145962500726,1.1972189997378648,0.8918639194700335,"{'base_score': 0.5, 'booster': 'gbtree', 'colsample_bylevel': 1, 'colsample_bynode': 1, 'colsample_bytree': 1, 'gamma': 3.359676187589132, 'importance_type': 'gain', 'learning_rate': 0.08405816875836519, 'max_delta_step': 0, 'max_depth': 18, 'min_child_weight': 1, 'missing': None, 'n_estimators': 1590, 'n_jobs': -1, 'nthread': None, 'objective': 'reg:squarederror', 'random_state': 0, 'reg_alpha': 14.879597540821068, 'reg_lambda': 1, 'scale_pos_weight': 1, 'seed': None, 'silent': None, 'subsample': 1, 'verbosity': 1}",31.24074417399993,"[ 9.439846  9.439846  9.439846  9.519598  9.519598  9.519598  9.594027
  9.789431  9.789431  9.789431  9.789431  9.789431  9.789431  9.789431
  9.789431  9.789431  9.789431  9.789431  9.789431  9.789431  9.695354
  9.695354  9.695354  9.911939  9.911939  9.911939  9.968988 10.554048
 10.554048 10.554048]","[9.0, 9.0, 9.0, 10.0, 10.0, 10.0, 10.0, 10.0, 10.0, 10.0, 10.0, 10.0, 10.0, 10.0, 10.0, 10.0, 10.0, 10.0, 10.0, 10.0, 10.0, 10.0, 10.0, 10.0, 10.0, 10.0, 10.0, 11.0, 11.0, 11.0]"
41,11:15:00,1.0027962364514211,1.0,1.120707397381023,"{'base_score': 0.5, 'booster': 'gbtree', 'colsample_bylevel': 1, 'colsample_bynode': 1, 'colsample_bytree': 1, 'gamma': 9.753149056276104, 'importance_type': 'gain', 'learning_rate': 0.09010357415484975, 'max_delta_step': 0, 'max_depth': 16, 'min_child_weight': 1, 'missing': None, 'n_estimators': 200, 'n_jobs': -1, 'nthread': None, 'objective': 'reg:squarederror', 'random_state': 0, 'reg_alpha': 8.936022275888822, 'reg_lambda': 1, 'scale_pos_weight': 1, 'seed': None, 'silent': None, 'subsample': 1, 'verbosity': 1}",20.437387454999907,"[ 9.840072  9.840072  9.840072  9.840072  9.840072  9.840072  9.840072
  9.840072  9.967927  9.967927  9.967927  9.967927 10.074314 10.074314
 10.074314 10.074314 10.074314 10.074314 10.074314 10.074314 10.074314
 10.074314 10.074314 10.074314 10.074314 10.074314 10.074314 10.074314
 10.074314 10.074314]","[10.0, 10.0, 10.0, 10.0, 10.0, 10.0, 10.0, 10.0, 10.0, 10.0, 10.0, 10.0, 10.0, 10.0, 10.0, 10.0, 10.0, 10.0, 10.0, 10.0, 10.0, 10.0, 10.0, 10.0, 10.0, 10.0, 10.0, 10.0, 10.0, 10.0]"
42,11:30:00,0.9088768515546888,0.816496580927726,0.7653022576335815,"{'base_score': 0.5, 'booster': 'gbtree', 'colsample_bylevel': 1, 'colsample_bynode': 1, 'colsample_bytree': 1, 'gamma': 0.09962928242959301, 'importance_type': 'gain', 'learning_rate': 0.04977774317026093, 'max_delta_step': 0, 'max_depth': 16, 'min_child_weight': 1, 'missing': None, 'n_estimators': 400, 'n_jobs': -1, 'nthread': None, 'objective': 'reg:squarederror', 'random_state': 0, 'reg_alpha': 5.77142827908041, 'reg_lambda': 1, 'scale_pos_weight': 1, 'seed': None, 'silent': None, 'subsample': 1, 'verbosity': 1}",41.123042038999984,"[9.075898  9.075898  9.126676  9.293359  9.293359  9.307877  9.307877
 9.307877  9.305173  9.24032   9.24032   9.24032   9.24032   9.165333
 9.165333  9.175907  9.175907  9.183377  9.183377  9.183377  9.183377
 9.183377  9.1683035 9.1683035 9.1150255 9.12917   9.111013  8.756653
 8.756653  9.181228 ]","[9.0, 9.0, 9.0, 9.0, 9.0, 9.0, 9.0, 9.0, 9.0, 9.0, 9.0, 9.0, 9.0, 9.0, 9.0, 9.0, 9.0, 9.0, 9.0, 9.0, 9.0, 9.0, 9.0, 9.0, 9.0, 9.0, 9.0, 9.0, 9.0, 9.0]"
43,11:45:00,1.1401877370661455,1.1832159566199232,0.7260861586335131,"{'base_score': 0.5, 'booster': 'gbtree', 'colsample_bylevel': 1, 'colsample_bynode': 1, 'colsample_bytree': 1, 'gamma': 1.6526973542370305, 'importance_type': 'gain', 'learning_rate': 0.017585693467807043, 'max_delta_step': 0, 'max_depth': 12, 'min_child_weight': 1, 'missing': None, 'n_estimators': 690, 'n_jobs': -1, 'nthread': None, 'objective': 'reg:squarederror', 'random_state': 0, 'reg_alpha': 10.556370654609712, 'reg_lambda': 1, 'scale_pos_weight': 1, 'seed': None, 'silent': None, 'subsample': 1, 'verbosity': 1}",34.183389056000124,"[9.043025 9.043025 9.043025 9.043025 9.043025 9.043025 9.043025 9.043025
 9.043025 9.043025 9.043025 9.043025 9.043025 9.043025 8.848697 8.848697
 8.848697 8.848697 8.848697 8.848697 8.829396 8.829396 8.829396 8.829396
 8.829396 8.829396 8.829396 8.841693 8.841693 8.841693]","[9.0, 9.0, 9.0, 9.0, 9.0, 9.0, 9.0, 9.0, 9.0, 9.0, 9.0, 9.0, 9.0, 9.0, 9.0, 9.0, 9.0, 9.0, 9.0, 9.0, 9.0, 9.0, 9.0, 9.0, 9.0, 9.0, 9.0, 9.0, 9.0, 9.0]"
44,12:00:00,1.206038833901409,1.0165300454651272,0.3930381907101872,"{'base_score': 0.5, 'booster': 'gbtree', 'colsample_bylevel': 1, 'colsample_bynode': 1, 'colsample_bytree': 1, 'gamma': 0.44376700648355194, 'importance_type': 'gain', 'learning_rate': 0.2028139881022509, 'max_delta_step': 0, 'max_depth': 12, 'min_child_weight': 1, 'missing': None, 'n_estimators': 650, 'n_jobs': -1, 'nthread': None, 'objective': 'reg:squarederror', 'random_state': 0, 'reg_alpha': 1.6071370760425747, 'reg_lambda': 1, 'scale_pos_weight': 1, 'seed': None, 'silent': None, 'subsample': 1, 'verbosity': 1}",38.752529030000005,"[8.492695  8.492695  8.492695  8.426184  8.378811  7.934799  7.8910503
 7.8910503 7.429146  7.581412  7.581412  7.7242107 7.7242107 7.7342153
 7.714546  7.714546  7.714546  7.714546  7.714546  7.714546  7.714546
 7.714546  7.714546  7.714546  7.714546  7.9320455 8.522009  8.439129
 8.439129  8.157114 ]","[8.0, 8.0, 8.0, 8.0, 8.0, 8.0, 8.0, 8.0, 7.0, 8.0, 8.0, 8.0, 8.0, 8.0, 8.0, 8.0, 8.0, 8.0, 8.0, 8.0, 8.0, 8.0, 8.0, 8.0, 8.0, 8.0, 9.0, 8.0, 8.0, 8.0]"
45,12:15:00,1.3502340537239501,1.3662601021279464,0.6127189327889094,"{'base_score': 0.5, 'booster': 'gbtree', 'colsample_bylevel': 1, 'colsample_bynode': 1, 'colsample_bytree': 1, 'gamma': 0.8987255386639748, 'importance_type': 'gain', 'learning_rate': 0.3050299507822706, 'max_delta_step': 0, 'max_depth': 14, 'min_child_weight': 1, 'missing': None, 'n_estimators': 720, 'n_jobs': -1, 'nthread': None, 'objective': 'reg:squarederror', 'random_state': 0, 'reg_alpha': 2.412903031856398, 'reg_lambda': 1, 'scale_pos_weight': 1, 'seed': None, 'silent': None, 'subsample': 1, 'verbosity': 1}",31.74726127300005,"[8.408366  8.408366  8.408366  8.408366  8.408366  8.408366  8.408366
 8.408366  8.408366  8.408366  8.408366  8.144644  7.4008136 7.4008136
 5.3797054 5.3797054 5.3797054 5.3423667 4.325468  4.325468  4.325468
 4.325468  4.0801697 3.1287527 1.7493161 1.7493161 1.7493161 1.7493161
 1.740729  1.740729 ]","[8.0, 8.0, 8.0, 8.0, 8.0, 8.0, 8.0, 8.0, 8.0, 8.0, 8.0, 8.0, 7.0, 7.0, 5.0, 5.0, 5.0, 5.0, 4.0, 4.0, 4.0, 4.0, 4.0, 3.0, 2.0, 2.0, 2.0, 2.0, 2.0, 2.0]"
46,12:30:00,1.6240833939810821,1.61245154965971,0.9518352491247395,"{'base_score': 0.5, 'booster': 'gbtree', 'colsample_bylevel': 1, 'colsample_bynode': 1, 'colsample_bytree': 1, 'gamma': 6.594372060285265, 'importance_type': 'gain', 'learning_rate': 0.2609310364814379, 'max_delta_step': 0, 'max_depth': 10, 'min_child_weight': 1, 'missing': None, 'n_estimators': 1430, 'n_jobs': -1, 'nthread': None, 'objective': 'reg:squarederror', 'random_state': 0, 'reg_alpha': 12.046496032321581, 'reg_lambda': 1, 'scale_pos_weight': 1, 'seed': None, 'silent': None, 'subsample': 1, 'verbosity': 1}",24.367140565,"[7.3563924 6.3709526 6.2980576 5.527141  5.527141  5.527141  5.527141
 5.527141  5.527141  4.3381987 4.3381987 4.3381987 4.3381987 4.3381987
 4.3381987 4.3381987 4.3381987 4.3381987 4.0720797 4.0720797 4.0720797
 4.0720797 4.0720797 3.9124222 3.9124222 3.9124222 2.8420827 2.8420827
 2.8420827 4.399293 ]","[7.0, 6.0, 6.0, 6.0, 6.0, 6.0, 6.0, 6.0, 6.0, 4.0, 4.0, 4.0, 4.0, 4.0, 4.0, 4.0, 4.0, 4.0, 4.0, 4.0, 4.0, 4.0, 4.0, 4.0, 4.0, 4.0, 3.0, 3.0, 3.0, 4.0]"
47,12:45:00,4.32164656752863,4.633213427705081,0.6676675010792864,"{'base_score': 0.5, 'booster': 'gbtree', 'colsample_bylevel': 1, 'colsample_bynode': 1, 'colsample_bytree': 1, 'gamma': 3.416178231794953, 'importance_type': 'gain', 'learning_rate': 0.29123084001730165, 'max_delta_step': 0, 'max_depth': 10, 'min_child_weight': 1, 'missing': None, 'n_estimators': 1460, 'n_jobs': -1, 'nthread': None, 'objective': 'reg:squarederror', 'random_state': 0, 'reg_alpha': 0.026930666561820207, 'reg_lambda': 1, 'scale_pos_weight': 1, 'seed': None, 'silent': None, 'subsample': 1, 'verbosity': 1}",32.13759053600006,"[3.594202  3.594202  3.594202  3.594202  3.594202  3.594202  3.594202
 3.594202  3.594202  3.594202  3.594202  3.594202  3.51101   3.51101
 6.749957  6.749957  6.7957187 6.7957187 6.7957187 6.7957187 6.7957187
 6.7957187 6.9572864 7.510225  7.510225  7.510225  7.510225  7.510225
 7.510225  7.510225 ]","[4.0, 4.0, 4.0, 4.0, 4.0, 4.0, 4.0, 4.0, 4.0, 4.0, 4.0, 4.0, 4.0, 4.0, 7.0, 7.0, 7.0, 7.0, 7.0, 7.0, 7.0, 7.0, 7.0, 8.0, 8.0, 8.0, 8.0, 8.0, 8.0, 8.0]"
48,13:00:00,0.5391732881607484,0.5477225575051661,0.8454584455276962,"{'base_score': 0.5, 'booster': 'gbtree', 'colsample_bylevel': 1, 'colsample_bynode': 1, 'colsample_bytree': 1, 'gamma': 2.174125109588444, 'importance_type': 'gain', 'learning_rate': 0.022093259816903243, 'max_delta_step': 0, 'max_depth': 12, 'min_child_weight': 1, 'missing': None, 'n_estimators': 1750, 'n_jobs': -1, 'nthread': None, 'objective': 'reg:squarederror', 'random_state': 0, 'reg_alpha': 7.300726564866129, 'reg_lambda': 1, 'scale_pos_weight': 1, 'seed': None, 'silent': None, 'subsample': 1, 'verbosity': 1}",46.94764883199991,"[1.4261539 1.4261539 1.4261539 1.5305743 1.6618811 1.6618811 1.6618811
 1.8850241 1.8995986 1.8995986 1.8995986 1.8995986 1.8995986 1.8995986
 1.8995986 1.8995986 1.8995986 1.8995986 1.8945079 1.8945079 1.6934736
 1.6780238 1.6624014 1.6624014 1.7084649 1.7084649 1.7084649 1.7084649
 1.7084649 1.7084649]","[1.0, 1.0, 1.0, 2.0, 2.0, 2.0, 2.0, 2.0, 2.0, 2.0, 2.0, 2.0, 2.0, 2.0, 2.0, 2.0, 2.0, 2.0, 2.0, 2.0, 2.0, 2.0, 2.0, 2.0, 2.0, 2.0, 2.0, 2.0, 2.0, 2.0]"
49,13:15:00,6.385680670287364,6.159004248523728,1.1699582811148068,"{'base_score': 0.5, 'booster': 'gbtree', 'colsample_bylevel': 1, 'colsample_bynode': 1, 'colsample_bytree': 1, 'gamma': 9.268566374639382, 'importance_type': 'gain', 'learning_rate': 0.06612169352881513, 'max_delta_step': 0, 'max_depth': 14, 'min_child_weight': 1, 'missing': None, 'n_estimators': 920, 'n_jobs': -1, 'nthread': None, 'objective': 'reg:squarederror', 'random_state': 0, 'reg_alpha': 7.613005214988326, 'reg_lambda': 1, 'scale_pos_weight': 1, 'seed': None, 'silent': None, 'subsample': 1, 'verbosity': 1}",26.633985703999997,"[1.4765974 1.4765974 1.4765974 1.4765974 1.4765974 1.4765974 1.4765974
 1.4765974 1.4765974 1.5606638 1.5606638 1.5606638 1.5606638 1.5606638
 1.5606638 1.5606638 1.5606638 1.5606638 1.5606638 1.5606638 1.5606638
 1.6175531 1.6175531 1.6175531 1.6175531 1.6175531 1.7145506 1.7145506
 1.7145506 1.7145506]","[1.0, 1.0, 1.0, 1.0, 1.0, 1.0, 1.0, 1.0, 1.0, 2.0, 2.0, 2.0, 2.0, 2.0, 2.0, 2.0, 2.0, 2.0, 2.0, 2.0, 2.0, 2.0, 2.0, 2.0, 2.0, 2.0, 2.0, 2.0, 2.0, 2.0]"
50,13:30:00,9.587441159457287,9.516652072376433,0.9443758504396556,"{'base_score': 0.5, 'booster': 'gbtree', 'colsample_bylevel': 1, 'colsample_bynode': 1, 'colsample_bytree': 1, 'gamma': 1.8572145186057898, 'importance_type': 'gain', 'learning_rate': 0.018816525230142378, 'max_delta_step': 0, 'max_depth': 16, 'min_child_weight': 1, 'missing': None, 'n_estimators': 330, 'n_jobs': -1, 'nthread': None, 'objective': 'reg:squarederror', 'random_state': 0, 'reg_alpha': 8.281718634733458, 'reg_lambda': 1, 'scale_pos_weight': 1, 'seed': None, 'silent': None, 'subsample': 1, 'verbosity': 1}",27.509500954000032,"[1.7335135 1.7335135 1.7335135 1.7654287 1.7654287 1.7654287 1.7654287
 1.7654287 1.7654287 1.7654287 1.7654287 1.7654287 1.9066907 1.9310324
 1.9310324 1.9310324 1.9959128 1.9959128 1.9959128 2.06537   2.06537
 2.0166392 2.0078297 2.0078297 2.0078297 2.0078297 2.0078297 2.0078297
 2.0078297 2.220522 ]","[2.0, 2.0, 2.0, 2.0, 2.0, 2.0, 2.0, 2.0, 2.0, 2.0, 2.0, 2.0, 2.0, 2.0, 2.0, 2.0, 2.0, 2.0, 2.0, 2.0, 2.0, 2.0, 2.0, 2.0, 2.0, 2.0, 2.0, 2.0, 2.0, 2.0]"
51,13:45:00,2.131004293387921,2.2949219304078006,0.7305437592620174,"{'base_score': 0.5, 'booster': 'gbtree', 'colsample_bylevel': 1, 'colsample_bynode': 1, 'colsample_bytree': 1, 'gamma': 0.2076148256198762, 'importance_type': 'gain', 'learning_rate': 0.2041324316152188, 'max_delta_step': 0, 'max_depth': 18, 'min_child_weight': 1, 'missing': None, 'n_estimators': 790, 'n_jobs': -1, 'nthread': None, 'objective': 'reg:squarederror', 'random_state': 0, 'reg_alpha': 4.946280263231652, 'reg_lambda': 1, 'scale_pos_weight': 1, 'seed': None, 'silent': None, 'subsample': 1, 'verbosity': 1}",29.193528503999914,"[11.423904 11.423904 11.358514 11.358514 11.358514 11.343572 11.343572
 11.320218 11.320218 11.320218 11.320218 11.320218 11.320218 11.320218
 12.715119 12.715119 12.93587  12.93587  12.93587  12.93587  12.867727
 12.867727 12.867727 12.867727 12.867727 12.905    12.826443 12.826443
 12.826443 12.826443]","[11.0, 11.0, 11.0, 11.0, 11.0, 11.0, 11.0, 11.0, 11.0, 11.0, 11.0, 11.0, 11.0, 11.0, 13.0, 13.0, 13.0, 13.0, 13.0, 13.0, 13.0, 13.0, 13.0, 13.0, 13.0, 13.0, 13.0, 13.0, 13.0, 13.0]"
52,14:00:00,4.413874546012885,4.277849927241488,1.0110082922244739,"{'base_score': 0.5, 'booster': 'gbtree', 'colsample_bylevel': 1, 'colsample_bynode': 1, 'colsample_bytree': 1, 'gamma': 9.899831552321661, 'importance_type': 'gain', 'learning_rate': 0.01587422833970609, 'max_delta_step': 0, 'max_depth': 18, 'min_child_weight': 1, 'missing': None, 'n_estimators': 1510, 'n_jobs': -1, 'nthread': None, 'objective': 'reg:squarederror', 'random_state': 0, 'reg_alpha': 3.4298839848767573, 'reg_lambda': 1, 'scale_pos_weight': 1, 'seed': None, 'silent': None, 'subsample': 1, 'verbosity': 1}",39.68658343999982,"[13.136201 13.918738 13.918738 13.918738 13.918738 13.918738 13.918738
 14.219731 14.219731 14.219731 14.438342 14.870652 14.870652 15.15939
 15.15939  15.15939  15.15939  15.15939  15.238631 15.238631 15.238631
 15.238631 15.238631 15.238631 15.238631 15.24178  15.160707 15.160707
 15.160707 15.160707]","[13.0, 14.0, 14.0, 14.0, 14.0, 14.0, 14.0, 14.0, 14.0, 14.0, 14.0, 15.0, 15.0, 15.0, 15.0, 15.0, 15.0, 15.0, 15.0, 15.0, 15.0, 15.0, 15.0, 15.0, 15.0, 15.0, 15.0, 15.0, 15.0, 15.0]"
53,14:15:00,1.19644003731718,1.3416407864998738,0.8152568878796977,"{'base_score': 0.5, 'booster': 'gbtree', 'colsample_bylevel': 1, 'colsample_bynode': 1, 'colsample_bytree': 1, 'gamma': 5.893617207714387, 'importance_type': 'gain', 'learning_rate': 0.14424068116604713, 'max_delta_step': 0, 'max_depth': 18, 'min_child_weight': 1, 'missing': None, 'n_estimators': 1680, 'n_jobs': -1, 'nthread': None, 'objective': 'reg:squarederror', 'random_state': 0, 'reg_alpha': 1.2747419288190847, 'reg_lambda': 1, 'scale_pos_weight': 1, 'seed': None, 'silent': None, 'subsample': 1, 'verbosity': 1}",50.54196141900002,"[11.65082  11.917801 11.917801 11.917801 11.917801 11.917801 11.917801
 11.917801 11.857635 11.857635 11.62395  11.62395  11.62395  11.62395
 11.62395  11.62395  11.094692 11.094692 11.094692 11.094692 11.094692
 11.094692 11.094692 11.094692 11.312735 11.330253 11.330253 11.330253
 11.330253 11.330253]","[12.0, 12.0, 12.0, 12.0, 12.0, 12.0, 12.0, 12.0, 12.0, 12.0, 12.0, 12.0, 12.0, 12.0, 12.0, 12.0, 11.0, 11.0, 11.0, 11.0, 11.0, 11.0, 11.0, 11.0, 11.0, 11.0, 11.0, 11.0, 11.0, 11.0]"
54,14:30:00,3.173209441115403,3.0767948691238205,0.9524105415744427,"{'base_score': 0.5, 'booster': 'gbtree', 'colsample_bylevel': 1, 'colsample_bynode': 1, 'colsample_bytree': 1, 'gamma': 6.0049188129383335, 'importance_type': 'gain', 'learning_rate': 0.035342109058111394, 'max_delta_step': 0, 'max_depth': 14, 'min_child_weight': 1, 'missing': None, 'n_estimators': 1760, 'n_jobs': -1, 'nthread': None, 'objective': 'reg:squarederror', 'random_state': 0, 'reg_alpha': 5.142785450843365, 'reg_lambda': 1, 'scale_pos_weight': 1, 'seed': None, 'silent': None, 'subsample': 1, 'verbosity': 1}",41.07639148099997,"[10.973631 10.880696 10.880696 10.880696 10.880696 10.880696 10.880696
 10.880696 10.880696 10.801802 10.801802 10.801802 10.801802 10.801802
 10.801802 10.801802 10.922154 10.926948 10.930108 10.930108 10.930108
 10.930108 10.930108 10.930108 10.930108 10.930108 10.930108 10.930108
 10.930108 10.517728]","[11.0, 11.0, 11.0, 11.0, 11.0, 11.0, 11.0, 11.0, 11.0, 11.0, 11.0, 11.0, 11.0, 11.0, 11.0, 11.0, 11.0, 11.0, 11.0, 11.0, 11.0, 11.0, 11.0, 11.0, 11.0, 11.0, 11.0, 11.0, 11.0, 11.0]"
55,14:45:00,5.284630861960034,5.3416601664027015,0.8028733948014429,"{'base_score': 0.5, 'booster': 'gbtree', 'colsample_bylevel': 1, 'colsample_bynode': 1, 'colsample_bytree': 1, 'gamma': 9.863997962099408, 'importance_type': 'gain', 'learning_rate': 0.13496749279027545, 'max_delta_step': 0, 'max_depth': 16, 'min_child_weight': 1, 'missing': None, 'n_estimators': 840, 'n_jobs': -1, 'nthread': None, 'objective': 'reg:squarederror', 'random_state': 0, 'reg_alpha': 1.640584836017422, 'reg_lambda': 1, 'scale_pos_weight': 1, 'seed': None, 'silent': None, 'subsample': 1, 'verbosity': 1}",35.364934382,"[11.408628 11.408628 11.408628 11.408628 11.408628 11.408628 11.408628
 11.408628 11.408628 11.408628 11.408628 11.408628 11.408628 11.408628
  8.820542  8.820542  8.820542  8.820542  8.820542  8.820542  8.915263
  8.915263  8.915263  8.915263  8.915263  8.915263  8.915263  8.915263
  8.915263  8.915263]","[11.0, 11.0, 11.0, 11.0, 11.0, 11.0, 11.0, 11.0, 11.0, 11.0, 11.0, 11.0, 11.0, 11.0, 9.0, 9.0, 9.0, 9.0, 9.0, 9.0, 9.0, 9.0, 9.0, 9.0, 9.0, 9.0, 9.0, 9.0, 9.0, 9.0]"
56,15:00:00,4.385301648182395,4.10690475500305,1.0189892036778319,"{'base_score': 0.5, 'booster': 'gbtree', 'colsample_bylevel': 1, 'colsample_bynode': 1, 'colsample_bytree': 1, 'gamma': 1.4681902480968756, 'importance_type': 'gain', 'learning_rate': 0.2764845744013292, 'max_delta_step': 0, 'max_depth': 16, 'min_child_weight': 1, 'missing': None, 'n_estimators': 350, 'n_jobs': -1, 'nthread': None, 'objective': 'reg:squarederror', 'random_state': 0, 'reg_alpha': 11.947268413364739, 'reg_lambda': 1, 'scale_pos_weight': 1, 'seed': None, 'silent': None, 'subsample': 1, 'verbosity': 1}",23.574981037999805,"[11.502982 11.502982 11.502982 11.502982 11.502982 11.502982 11.502982
 11.502982 11.42495  11.42495  11.42495  10.744722 10.744722 10.603587
 10.603587 10.603587 10.603587 10.603587 10.603587 10.603587 10.603587
 10.603587 11.057701 11.057701  9.677826  9.677826  9.677826  9.677826
  9.677826  9.677826]","[12.0, 12.0, 12.0, 12.0, 12.0, 12.0, 12.0, 12.0, 11.0, 11.0, 11.0, 11.0, 11.0, 11.0, 11.0, 11.0, 11.0, 11.0, 11.0, 11.0, 11.0, 11.0, 11.0, 11.0, 10.0, 10.0, 10.0, 10.0, 10.0, 10.0]"
57,15:15:00,0.961246544320939,1.0954451150103321,1.4637085233321534,"{'base_score': 0.5, 'booster': 'gbtree', 'colsample_bylevel': 1, 'colsample_bynode': 1, 'colsample_bytree': 1, 'gamma': 5.674036073348347, 'importance_type': 'gain', 'learning_rate': 0.0151640126114174, 'max_delta_step': 0, 'max_depth': 12, 'min_child_weight': 1, 'missing': None, 'n_estimators': 1220, 'n_jobs': -1, 'nthread': None, 'objective': 'reg:squarederror', 'random_state': 0, 'reg_alpha': 18.297480581701514, 'reg_lambda': 1, 'scale_pos_weight': 1, 'seed': None, 'silent': None, 'subsample': 1, 'verbosity': 1}",34.37999495200029,"[14.417265 14.353429 14.353429 14.353429 14.353429 14.353429 14.307671
 14.307671 14.307671 14.307671 14.307671 14.307671 14.307671 14.307671
 14.307671 14.307671 14.307671 14.307671 14.307671 14.307671 14.307671
 14.307671 14.307671 14.307671 14.307671 14.307671 14.307671 14.307671
 14.307671 14.307671]","[14.0, 14.0, 14.0, 14.0, 14.0, 14.0, 14.0, 14.0, 14.0, 14.0, 14.0, 14.0, 14.0, 14.0, 14.0, 14.0, 14.0, 14.0, 14.0, 14.0, 14.0, 14.0, 14.0, 14.0, 14.0, 14.0, 14.0, 14.0, 14.0, 14.0]"
58,15:30:00,2.0215690597079683,2.1447610589527217,0.6709002634506156,"{'base_score': 0.5, 'booster': 'gbtree', 'colsample_bylevel': 1, 'colsample_bynode': 1, 'colsample_bytree': 1, 'gamma': 2.734610201337521, 'importance_type': 'gain', 'learning_rate': 0.13738007778672945, 'max_delta_step': 0, 'max_depth': 12, 'min_child_weight': 1, 'missing': None, 'n_estimators': 1300, 'n_jobs': -1, 'nthread': None, 'objective': 'reg:squarederror', 'random_state': 0, 'reg_alpha': 3.2353584493073213, 'reg_lambda': 1, 'scale_pos_weight': 1, 'seed': None, 'silent': None, 'subsample': 1, 'verbosity': 1}",43.89276202000019,"[14.932865  14.9237995 14.9237995 14.9237995 14.9237995 14.9237995
 14.9237995 14.9237995 14.9237995 14.9237995 14.9237995 14.9237995
 14.9237995 14.9237995 14.9237995 14.9237995 14.9237995 14.9237995
 14.844873  14.844873  14.844873  14.844873  14.844873  14.802879
 14.765842  14.765842  14.765842  14.765842  14.765842  14.87557  ]","[15.0, 15.0, 15.0, 15.0, 15.0, 15.0, 15.0, 15.0, 15.0, 15.0, 15.0, 15.0, 15.0, 15.0, 15.0, 15.0, 15.0, 15.0, 15.0, 15.0, 15.0, 15.0, 15.0, 15.0, 15.0, 15.0, 15.0, 15.0, 15.0, 15.0]"
59,15:45:00,1.7621834229678481,1.8708286933869707,0.6100787068545216,"{'base_score': 0.5, 'booster': 'gbtree', 'colsample_bylevel': 1, 'colsample_bynode': 1, 'colsample_bytree': 1, 'gamma': 0.03220792720783572, 'importance_type': 'gain', 'learning_rate': 0.21584414258397497, 'max_delta_step': 0, 'max_depth': 10, 'min_child_weight': 1, 'missing': None, 'n_estimators': 1800, 'n_jobs': -1, 'nthread': None, 'objective': 'reg:squarederror', 'random_state': 0, 'reg_alpha': 5.40347509232545, 'reg_lambda': 1, 'scale_pos_weight': 1, 'seed': None, 'silent': None, 'subsample': 1, 'verbosity': 1}",43.28850452300003,"[13.723956 13.883542 13.883542 13.883542 13.883542 13.883542 13.883542
 13.883542 13.883542 13.883542 13.874965 13.874965 13.919195 13.919195
 13.929001 13.696033 13.696033 13.696033 13.696033 13.696033 13.696033
 13.696033 13.696033 13.696033 13.696033 13.696033 14.109111 14.109111
 14.382533 14.382533]","[14.0, 14.0, 14.0, 14.0, 14.0, 14.0, 14.0, 14.0, 14.0, 14.0, 14.0, 14.0, 14.0, 14.0, 14.0, 14.0, 14.0, 14.0, 14.0, 14.0, 14.0, 14.0, 14.0, 14.0, 14.0, 14.0, 14.0, 14.0, 14.0, 14.0]"
60,16:00:00,2.129157715095197,2.4083189157584592,0.4976989655963058,"{'base_score': 0.5, 'booster': 'gbtree', 'colsample_bylevel': 1, 'colsample_bynode': 1, 'colsample_bytree': 1, 'gamma': 1.9398915628871716, 'importance_type': 'gain', 'learning_rate': 0.11203134424959083, 'max_delta_step': 0, 'max_depth': 12, 'min_child_weight': 1, 'missing': None, 'n_estimators': 1680, 'n_jobs': -1, 'nthread': None, 'objective': 'reg:squarederror', 'random_state': 0, 'reg_alpha': 0.9473274466738568, 'reg_lambda': 1, 'scale_pos_weight': 1, 'seed': None, 'silent': None, 'subsample': 1, 'verbosity': 1}",31.099841171000207,"[13.530525 13.530525 13.530525 13.530525 13.530525 13.530525 13.530525
 13.530525 13.530525 13.530525 13.530525 13.659271 13.659271 13.659271
 13.659271 13.659271 13.659271 13.659271 13.730313 13.754303 13.754303
 13.837343 13.837343 13.837343 13.837343 13.837343 13.837343 13.837343
 13.837343 13.837343]","[14.0, 14.0, 14.0, 14.0, 14.0, 14.0, 14.0, 14.0, 14.0, 14.0, 14.0, 14.0, 14.0, 14.0, 14.0, 14.0, 14.0, 14.0, 14.0, 14.0, 14.0, 14.0, 14.0, 14.0, 14.0, 14.0, 14.0, 14.0, 14.0, 14.0]"
61,16:15:00,0.8322238165877175,0.7071067811865476,0.6164043227014279,"{'base_score': 0.5, 'booster': 'gbtree', 'colsample_bylevel': 1, 'colsample_bynode': 1, 'colsample_bytree': 1, 'gamma': 9.66938676602846, 'importance_type': 'gain', 'learning_rate': 0.19691260190374768, 'max_delta_step': 0, 'max_depth': 14, 'min_child_weight': 1, 'missing': None, 'n_estimators': 1190, 'n_jobs': -1, 'nthread': None, 'objective': 'reg:squarederror', 'random_state': 0, 'reg_alpha': 1.174600775936295, 'reg_lambda': 1, 'scale_pos_weight': 1, 'seed': None, 'silent': None, 'subsample': 1, 'verbosity': 1}",42.22835623400033,"[12.035743 12.035743 12.035743 12.112076 12.112076 12.112076 12.178967
 12.178967 12.178967 12.178967 12.178967 12.178967 12.178967 12.178967
 12.178967 12.178967 12.178967 12.178967 12.178967 12.178967 12.178967
 12.178967 12.178967 12.178967 12.178967 12.178967 12.178967 12.178967
 12.178967 12.178967]","[12.0, 12.0, 12.0, 12.0, 12.0, 12.0, 12.0, 12.0, 12.0, 12.0, 12.0, 12.0, 12.0, 12.0, 12.0, 12.0, 12.0, 12.0, 12.0, 12.0, 12.0, 12.0, 12.0, 12.0, 12.0, 12.0, 12.0, 12.0, 12.0, 12.0]"
62,16:30:00,0.6537851979112106,0.7302967433402214,0.6462013375045629,"{'base_score': 0.5, 'booster': 'gbtree', 'colsample_bylevel': 1, 'colsample_bynode': 1, 'colsample_bytree': 1, 'gamma': 1.0705257258261403, 'importance_type': 'gain', 'learning_rate': 0.24765934076186302, 'max_delta_step': 0, 'max_depth': 10, 'min_child_weight': 1, 'missing': None, 'n_estimators': 1300, 'n_jobs': -1, 'nthread': None, 'objective': 'reg:squarederror', 'random_state': 0, 'reg_alpha': 7.496830223839002, 'reg_lambda': 1, 'scale_pos_weight': 1, 'seed': None, 'silent': None, 'subsample': 1, 'verbosity': 1}",43.64071164999996,"[11.105997 11.105997 11.105997 11.105997 11.105997 11.105997 11.105997
 11.105997 11.105997 11.140796 11.140796 11.140796 11.140796 11.140796
 11.281571 11.281571 11.281571 11.553683 11.553683 11.553683 11.553683
 11.691041 11.79537  11.79537  11.79537  11.79537  11.79537  11.79537
 11.79537  11.989048]","[11.0, 11.0, 11.0, 11.0, 11.0, 11.0, 11.0, 11.0, 11.0, 11.0, 11.0, 11.0, 11.0, 11.0, 11.0, 11.0, 11.0, 12.0, 12.0, 12.0, 12.0, 12.0, 12.0, 12.0, 12.0, 12.0, 12.0, 12.0, 12.0, 12.0]"
63,16:45:00,0.5861596055800569,0.7071067811865476,1.0340627524000743,"{'base_score': 0.5, 'booster': 'gbtree', 'colsample_bylevel': 1, 'colsample_bynode': 1, 'colsample_bytree': 1, 'gamma': 4.83456046709054, 'importance_type': 'gain', 'learning_rate': 0.015531211634638976, 'max_delta_step': 0, 'max_depth': 18, 'min_child_weight': 1, 'missing': None, 'n_estimators': 1690, 'n_jobs': -1, 'nthread': None, 'objective': 'reg:squarederror', 'random_state': 0, 'reg_alpha': 20.16747049660237, 'reg_lambda': 1, 'scale_pos_weight': 1, 'seed': None, 'silent': None, 'subsample': 1, 'verbosity': 1}",29.205916923999666,"[11.198523 11.198523 11.198523 11.198523 11.198523 11.198523 11.198523
 11.198523 11.198523 11.198523 11.198523 11.198523 11.198523 11.198523
 10.864527 10.864527 10.864527 10.864527 10.987921 11.044506 11.044506
 11.044506 11.044506 11.044506 11.044506 11.044506 11.044506 11.044506
 11.044506 11.044506]","[11.0, 11.0, 11.0, 11.0, 11.0, 11.0, 11.0, 11.0, 11.0, 11.0, 11.0, 11.0, 11.0, 11.0, 11.0, 11.0, 11.0, 11.0, 11.0, 11.0, 11.0, 11.0, 11.0, 11.0, 11.0, 11.0, 11.0, 11.0, 11.0, 11.0]"
64,17:00:00,1.9177001311781359,1.9235384061671346,0.6849266865342176,"{'base_score': 0.5, 'booster': 'gbtree', 'colsample_bylevel': 1, 'colsample_bynode': 1, 'colsample_bytree': 1, 'gamma': 1.4124866027235938, 'importance_type': 'gain', 'learning_rate': 0.21299375246343613, 'max_delta_step': 0, 'max_depth': 12, 'min_child_weight': 1, 'missing': None, 'n_estimators': 1900, 'n_jobs': -1, 'nthread': None, 'objective': 'reg:squarederror', 'random_state': 0, 'reg_alpha': 2.644844459799498, 'reg_lambda': 1, 'scale_pos_weight': 1, 'seed': None, 'silent': None, 'subsample': 1, 'verbosity': 1}",36.524949423999715,"[10.454827 10.454827 10.323074 10.323074 10.323074 10.187905 10.262807
 10.262807 10.262807 10.262807 10.260904 10.260904 10.260904 10.129469
 10.129469 10.129469  8.731062  8.731062  8.731062  8.731062  8.731062
  8.731062  8.731062  8.99185   9.083432  9.083432  9.083432  9.083432
  9.083432  9.083432]","[10.0, 10.0, 10.0, 10.0, 10.0, 10.0, 10.0, 10.0, 10.0, 10.0, 10.0, 10.0, 10.0, 10.0, 10.0, 10.0, 9.0, 9.0, 9.0, 9.0, 9.0, 9.0, 9.0, 9.0, 9.0, 9.0, 9.0, 9.0, 9.0, 9.0]"
65,17:15:00,2.7641346156933353,2.7141603981096374,0.6757276963326281,"{'base_score': 0.5, 'booster': 'gbtree', 'colsample_bylevel': 1, 'colsample_bynode': 1, 'colsample_bytree': 1, 'gamma': 1.1272004742786346, 'importance_type': 'gain', 'learning_rate': 0.20591487298843947, 'max_delta_step': 0, 'max_depth': 10, 'min_child_weight': 1, 'missing': None, 'n_estimators': 930, 'n_jobs': -1, 'nthread': None, 'objective': 'reg:squarederror', 'random_state': 0, 'reg_alpha': 0.7153644209255405, 'reg_lambda': 1, 'scale_pos_weight': 1, 'seed': None, 'silent': None, 'subsample': 1, 'verbosity': 1}",38.630121428000166,"[11.385529 11.385529 11.42285  11.42285  11.292985 11.292985 11.292985
 11.292985 11.323517 11.281385 11.281385 11.281385 11.004933 11.004933
 11.004933 11.004933 11.004933 11.004933 10.986885 10.986885 10.903884
 10.903884 10.903884 11.156011 11.156011 11.156011 11.156011 11.156011
 11.292195 11.292195]","[11.0, 11.0, 11.0, 11.0, 11.0, 11.0, 11.0, 11.0, 11.0, 11.0, 11.0, 11.0, 11.0, 11.0, 11.0, 11.0, 11.0, 11.0, 11.0, 11.0, 11.0, 11.0, 11.0, 11.0, 11.0, 11.0, 11.0, 11.0, 11.0, 11.0]"
66,17:30:00,4.7412150024749575,4.586211217697385,1.1201181385040722,"{'base_score': 0.5, 'booster': 'gbtree', 'colsample_bylevel': 1, 'colsample_bynode': 1, 'colsample_bytree': 1, 'gamma': 9.576307070160432, 'importance_type': 'gain', 'learning_rate': 0.08356654229563842, 'max_delta_step': 0, 'max_depth': 14, 'min_child_weight': 1, 'missing': None, 'n_estimators': 570, 'n_jobs': -1, 'nthread': None, 'objective': 'reg:squarederror', 'random_state': 0, 'reg_alpha': 3.2103584354495243, 'reg_lambda': 1, 'scale_pos_weight': 1, 'seed': None, 'silent': None, 'subsample': 1, 'verbosity': 1}",35.95322319200022,"[11.103897  11.103897  11.103897  11.103897  11.103897  11.103897
 11.103897  11.103897  11.103897  11.103897  11.103897  11.103897
 11.103897  11.103897  11.174244  11.174244  11.174244  11.174244
 11.174244  11.174244  11.174244  11.174244  11.174244  11.174244
 10.9983835 10.4243355 10.4243355 10.4243355 10.4243355 10.80366  ]","[11.0, 11.0, 11.0, 11.0, 11.0, 11.0, 11.0, 11.0, 11.0, 11.0, 11.0, 11.0, 11.0, 11.0, 11.0, 11.0, 11.0, 11.0, 11.0, 11.0, 11.0, 11.0, 11.0, 11.0, 11.0, 10.0, 10.0, 10.0, 10.0, 11.0]"
67,17:45:00,4.588920865737297,4.611579628139003,0.9078153735171977,"{'base_score': 0.5, 'booster': 'gbtree', 'colsample_bylevel': 1, 'colsample_bynode': 1, 'colsample_bytree': 1, 'gamma': 7.35907122092513, 'importance_type': 'gain', 'learning_rate': 0.05304557467179301, 'max_delta_step': 0, 'max_depth': 18, 'min_child_weight': 1, 'missing': None, 'n_estimators': 560, 'n_jobs': -1, 'nthread': None, 'objective': 'reg:squarederror', 'random_state': 0, 'reg_alpha': 3.0351484192558913, 'reg_lambda': 1, 'scale_pos_weight': 1, 'seed': None, 'silent': None, 'subsample': 1, 'verbosity': 1}",37.10601353099992,"[ 7.2968693  7.2968693  7.2968693  7.2968693  7.2968693  7.2968693
  7.2968693  7.2968693  7.2968693  7.2968693  7.030154   7.030154
  7.030154   7.030154  10.084863  10.084863  10.084863  10.084863
 10.084863  10.084863  10.084863  10.084863  10.084863  10.084863
 10.084863  10.084863  10.505505  10.505505  10.505505  10.505505 ]","[7.0, 7.0, 7.0, 7.0, 7.0, 7.0, 7.0, 7.0, 7.0, 7.0, 7.0, 7.0, 7.0, 7.0, 10.0, 10.0, 10.0, 10.0, 10.0, 10.0, 10.0, 10.0, 10.0, 10.0, 10.0, 10.0, 11.0, 11.0, 11.0, 11.0]"
68,18:00:00,2.028840909240714,1.8529256146249728,0.9564572179655312,"{'base_score': 0.5, 'booster': 'gbtree', 'colsample_bylevel': 1, 'colsample_bynode': 1, 'colsample_bytree': 1, 'gamma': 6.574928354797733, 'importance_type': 'gain', 'learning_rate': 0.018172615566682107, 'max_delta_step': 0, 'max_depth': 14, 'min_child_weight': 1, 'missing': None, 'n_estimators': 1100, 'n_jobs': -1, 'nthread': None, 'objective': 'reg:squarederror', 'random_state': 0, 'reg_alpha': 2.2253244189639267, 'reg_lambda': 1, 'scale_pos_weight': 1, 'seed': None, 'silent': None, 'subsample': 1, 'verbosity': 1}",35.14224606100015,"[5.433532 5.433532 5.450568 5.450568 5.450568 5.450568 5.450568 5.450568
 5.450568 5.450568 5.450568 5.450568 5.450568 5.450568 5.570886 5.570886
 5.570886 5.570886 5.570886 5.570886 5.690578 5.726164 6.404223 6.404223
 6.404223 6.404223 6.404223 6.404223 6.404223 6.404223]","[5.0, 5.0, 5.0, 5.0, 5.0, 5.0, 5.0, 5.0, 5.0, 5.0, 5.0, 5.0, 5.0, 5.0, 6.0, 6.0, 6.0, 6.0, 6.0, 6.0, 6.0, 6.0, 6.0, 6.0, 6.0, 6.0, 6.0, 6.0, 6.0, 6.0]"
69,18:15:00,1.0734177897845771,0.983192080250175,0.4340962240811616,"{'base_score': 0.5, 'booster': 'gbtree', 'colsample_bylevel': 1, 'colsample_bynode': 1, 'colsample_bytree': 1, 'gamma': 0.18899286631412715, 'importance_type': 'gain', 'learning_rate': 0.19731208200945968, 'max_delta_step': 0, 'max_depth': 16, 'min_child_weight': 1, 'missing': None, 'n_estimators': 1490, 'n_jobs': -1, 'nthread': None, 'objective': 'reg:squarederror', 'random_state': 0, 'reg_alpha': 0.4997335070305651, 'reg_lambda': 1, 'scale_pos_weight': 1, 'seed': None, 'silent': None, 'subsample': 1, 'verbosity': 1}",38.124762960000226,"[4.0921845 4.088189  4.088189  4.088189  4.1734986 4.180047  4.224881
 4.224881  4.224881  4.224881  4.224881  4.1995726 4.14864   4.2246485
 4.1739283 4.344554  4.344554  4.342314  4.342314  4.3605404 4.202958
 4.202958  4.343898  4.878711  4.878711  4.9501452 4.9501452 4.9501452
 5.001919  5.001919 ]","[4.0, 4.0, 4.0, 4.0, 4.0, 4.0, 4.0, 4.0, 4.0, 4.0, 4.0, 4.0, 4.0, 4.0, 4.0, 4.0, 4.0, 4.0, 4.0, 4.0, 4.0, 4.0, 4.0, 5.0, 5.0, 5.0, 5.0, 5.0, 5.0, 5.0]"
70,18:30:00,2.1931665274883407,2.4358434541926814,0.7643998469597156,"{'base_score': 0.5, 'booster': 'gbtree', 'colsample_bylevel': 1, 'colsample_bynode': 1, 'colsample_bytree': 1, 'gamma': 9.068296212051045, 'importance_type': 'gain', 'learning_rate': 0.24882109397896912, 'max_delta_step': 0, 'max_depth': 18, 'min_child_weight': 1, 'missing': None, 'n_estimators': 1780, 'n_jobs': -1, 'nthread': None, 'objective': 'reg:squarederror', 'random_state': 0, 'reg_alpha': 3.4567702349854157, 'reg_lambda': 1, 'scale_pos_weight': 1, 'seed': None, 'silent': None, 'subsample': 1, 'verbosity': 1}",50.93951691700022,"[4.561729  4.561729  4.561729  4.561729  4.561729  4.561729  4.561729
 4.561729  5.3146925 5.3146925 5.3146925 5.3146925 5.3146925 5.3146925
 5.3146925 5.3146925 5.3146925 5.3146925 5.3146925 5.3146925 5.3146925
 5.3146925 5.3146925 5.3146925 5.3146925 5.3146925 5.3146925 5.3146925
 5.3146925 4.776174 ]","[5.0, 5.0, 5.0, 5.0, 5.0, 5.0, 5.0, 5.0, 5.0, 5.0, 5.0, 5.0, 5.0, 5.0, 5.0, 5.0, 5.0, 5.0, 5.0, 5.0, 5.0, 5.0, 5.0, 5.0, 5.0, 5.0, 5.0, 5.0, 5.0, 5.0]"
71,18:45:00,2.6343964550680377,2.5298221281347035,0.9543657294029521,"{'base_score': 0.5, 'booster': 'gbtree', 'colsample_bylevel': 1, 'colsample_bynode': 1, 'colsample_bytree': 1, 'gamma': 2.9193328154778806, 'importance_type': 'gain', 'learning_rate': 0.09050184347341994, 'max_delta_step': 0, 'max_depth': 14, 'min_child_weight': 1, 'missing': None, 'n_estimators': 1470, 'n_jobs': -1, 'nthread': None, 'objective': 'reg:squarederror', 'random_state': 0, 'reg_alpha': 11.877900060998371, 'reg_lambda': 1, 'scale_pos_weight': 1, 'seed': None, 'silent': None, 'subsample': 1, 'verbosity': 1}",28.713638046999677,"[5.762838  5.762838  5.762838  5.762838  6.0523143 6.0523143 6.1048937
 6.1399846 6.1399846 6.1399846 6.1399846 6.1399846 6.1399846 6.1399846
 8.470406  8.470406  8.470406  8.612286  8.612286  8.661139  8.718432
 8.718432  8.718432  8.718432  8.718432  8.696194  8.696194  8.696194
 8.696194  8.696194 ]","[6.0, 6.0, 6.0, 6.0, 6.0, 6.0, 6.0, 6.0, 6.0, 6.0, 6.0, 6.0, 6.0, 6.0, 8.0, 8.0, 8.0, 9.0, 9.0, 9.0, 9.0, 9.0, 9.0, 9.0, 9.0, 9.0, 9.0, 9.0, 9.0, 9.0]"
72,19:00:00,2.3335526125532486,2.3166067138525404,1.0817762864475318,"{'base_score': 0.5, 'booster': 'gbtree', 'colsample_bylevel': 1, 'colsample_bynode': 1, 'colsample_bytree': 1, 'gamma': 3.74225648358674, 'importance_type': 'gain', 'learning_rate': 0.1702452378826492, 'max_delta_step': 0, 'max_depth': 10, 'min_child_weight': 1, 'missing': None, 'n_estimators': 360, 'n_jobs': -1, 'nthread': None, 'objective': 'reg:squarederror', 'random_state': 0, 'reg_alpha': 14.408401484297778, 'reg_lambda': 1, 'scale_pos_weight': 1, 'seed': None, 'silent': None, 'subsample': 1, 'verbosity': 1}",22.965156393999678,"[ 9.130031   9.130031   9.7899685  9.7899685  9.7899685  9.996444
  9.996444   9.996444   9.996444   9.996444   9.996444   9.996444
  9.996444   9.996444   9.996444  10.055518  10.055518  10.175557
 10.254744  10.254744  10.511741  10.511741  10.511741  10.511741
 10.511741  10.305265  10.283244  10.283244  10.283244  10.07075  ]","[9.0, 9.0, 10.0, 10.0, 10.0, 10.0, 10.0, 10.0, 10.0, 10.0, 10.0, 10.0, 10.0, 10.0, 10.0, 10.0, 10.0, 10.0, 10.0, 10.0, 11.0, 11.0, 11.0, 11.0, 11.0, 10.0, 10.0, 10.0, 10.0, 10.0]"
73,19:15:00,1.9003477511916202,1.888562063228706,0.8108473535523437,"{'base_score': 0.5, 'booster': 'gbtree', 'colsample_bylevel': 1, 'colsample_bynode': 1, 'colsample_bytree': 1, 'gamma': 9.66433805078728, 'importance_type': 'gain', 'learning_rate': 0.289777735079957, 'max_delta_step': 0, 'max_depth': 10, 'min_child_weight': 1, 'missing': None, 'n_estimators': 1100, 'n_jobs': -1, 'nthread': None, 'objective': 'reg:squarederror', 'random_state': 0, 'reg_alpha': 0.8278224241769825, 'reg_lambda': 1, 'scale_pos_weight': 1, 'seed': None, 'silent': None, 'subsample': 1, 'verbosity': 1}",39.92176761699966,"[11.238815 11.238815 11.238815 10.945453 10.945453 10.945453 10.945453
 10.945453 10.945453 10.945453 10.945453 10.945453 10.945453 10.945453
 10.945453 10.945453 10.945453 10.945453 10.945453 10.945453 10.945453
 10.945453 10.945453 10.945453 10.945453 10.945453 10.945453 10.945453
 10.945453 10.945453]","[11.0, 11.0, 11.0, 11.0, 11.0, 11.0, 11.0, 11.0, 11.0, 11.0, 11.0, 11.0, 11.0, 11.0, 11.0, 11.0, 11.0, 11.0, 11.0, 11.0, 11.0, 11.0, 11.0, 11.0, 11.0, 11.0, 11.0, 11.0, 11.0, 11.0]"
74,19:30:00,0.8800732126125168,1.0,0.6335034976768467,"{'base_score': 0.5, 'booster': 'gbtree', 'colsample_bylevel': 1, 'colsample_bynode': 1, 'colsample_bytree': 1, 'gamma': 0.5145157625280061, 'importance_type': 'gain', 'learning_rate': 0.18574386406049634, 'max_delta_step': 0, 'max_depth': 14, 'min_child_weight': 1, 'missing': None, 'n_estimators': 500, 'n_jobs': -1, 'nthread': None, 'objective': 'reg:squarederror', 'random_state': 0, 'reg_alpha': 0.8281972532648112, 'reg_lambda': 1, 'scale_pos_weight': 1, 'seed': None, 'silent': None, 'subsample': 1, 'verbosity': 1}",37.51746539299984,"[12.044046  12.006783  12.165296  12.312271  12.311949  12.60667
 12.720219  12.720219  12.720219  12.720219  12.720219  12.71903
 12.360091  12.360091  12.395912  12.323335  12.284009  12.284009
 12.284009  12.284009  12.651307  12.669127  13.213817  13.2434635
 13.2434635 13.2434635 13.2434635 13.2434635 13.2434635 12.537376 ]","[12.0, 12.0, 12.0, 12.0, 12.0, 13.0, 13.0, 13.0, 13.0, 13.0, 13.0, 13.0, 12.0, 12.0, 12.0, 12.0, 12.0, 12.0, 12.0, 12.0, 13.0, 13.0, 13.0, 13.0, 13.0, 13.0, 13.0, 13.0, 13.0, 13.0]"
75,19:45:00,0.6765914039996468,0.8755950357709131,0.7520594169155114,"{'base_score': 0.5, 'booster': 'gbtree', 'colsample_bylevel': 1, 'colsample_bynode': 1, 'colsample_bytree': 1, 'gamma': 1.0211577365924285, 'importance_type': 'gain', 'learning_rate': 0.17139230843759642, 'max_delta_step': 0, 'max_depth': 10, 'min_child_weight': 1, 'missing': None, 'n_estimators': 660, 'n_jobs': -1, 'nthread': None, 'objective': 'reg:squarederror', 'random_state': 0, 'reg_alpha': 3.471168736537997, 'reg_lambda': 1, 'scale_pos_weight': 1, 'seed': None, 'silent': None, 'subsample': 1, 'verbosity': 1}",23.7767698560001,"[13.279599  13.279599  13.279599  13.279599  13.2912855 13.268509
 13.237872  13.261014  13.261014  13.261014  13.261014  13.261014
 13.261014  13.261014  13.365345  13.365345  13.365345  13.286299
 13.208366  13.208366  13.104812  13.104812  13.104812  13.166176
 13.324114  13.324114  13.324114  13.324114  13.324114  13.324114 ]","[13.0, 13.0, 13.0, 13.0, 13.0, 13.0, 13.0, 13.0, 13.0, 13.0, 13.0, 13.0, 13.0, 13.0, 13.0, 13.0, 13.0, 13.0, 13.0, 13.0, 13.0, 13.0, 13.0, 13.0, 13.0, 13.0, 13.0, 13.0, 13.0, 13.0]"
76,20:00:00,1.3660093026403604,1.4375905768565218,0.5684610132568801,"{'base_score': 0.5, 'booster': 'gbtree', 'colsample_bylevel': 1, 'colsample_bynode': 1, 'colsample_bytree': 1, 'gamma': 0.33381701373332073, 'importance_type': 'gain', 'learning_rate': 0.2916514970138327, 'max_delta_step': 0, 'max_depth': 12, 'min_child_weight': 1, 'missing': None, 'n_estimators': 1340, 'n_jobs': -1, 'nthread': None, 'objective': 'reg:squarederror', 'random_state': 0, 'reg_alpha': 1.542561439018646, 'reg_lambda': 1, 'scale_pos_weight': 1, 'seed': None, 'silent': None, 'subsample': 1, 'verbosity': 1}",36.62181897000028,"[13.290466  13.290466  12.9820795 12.976153  12.976153  12.76299
 12.76299   12.179939  12.741277  13.007906  13.007906  13.007906
 13.007906  13.007906  13.176815  13.176815  13.176815  13.357613
 13.357613  13.357613  13.357613  13.357613  13.357613  12.7551365
 12.7551365 12.749391  12.749391  12.749391  12.749391  12.498043 ]","[13.0, 13.0, 13.0, 13.0, 13.0, 13.0, 13.0, 12.0, 13.0, 13.0, 13.0, 13.0, 13.0, 13.0, 13.0, 13.0, 13.0, 13.0, 13.0, 13.0, 13.0, 13.0, 13.0, 13.0, 13.0, 13.0, 13.0, 13.0, 13.0, 12.0]"
77,20:15:00,1.5654235960538436,1.2516655570345725,0.45031386651252414,"{'base_score': 0.5, 'booster': 'gbtree', 'colsample_bylevel': 1, 'colsample_bynode': 1, 'colsample_bytree': 1, 'gamma': 4.036712467135855, 'importance_type': 'gain', 'learning_rate': 0.2425427045854097, 'max_delta_step': 0, 'max_depth': 14, 'min_child_weight': 1, 'missing': None, 'n_estimators': 1530, 'n_jobs': -1, 'nthread': None, 'objective': 'reg:squarederror', 'random_state': 0, 'reg_alpha': 1.604316481007333, 'reg_lambda': 1, 'scale_pos_weight': 1, 'seed': None, 'silent': None, 'subsample': 1, 'verbosity': 1}",40.55211613799975,"[13.771114 13.771114 13.610626 13.610626 13.610626 13.610626 13.610626
 13.610626 13.610626 13.610626 13.610626 13.610626 13.610626 13.610626
 13.610626 13.610626 13.610626 13.610626 13.610626 13.610626 13.610626
 13.610626 13.610626 13.610626 13.610626 13.628145 13.628145 13.628145
 13.628145 13.628145]","[14.0, 14.0, 14.0, 14.0, 14.0, 14.0, 14.0, 14.0, 14.0, 14.0, 14.0, 14.0, 14.0, 14.0, 14.0, 14.0, 14.0, 14.0, 14.0, 14.0, 14.0, 14.0, 14.0, 14.0, 14.0, 14.0, 14.0, 14.0, 14.0, 14.0]"
78,20:30:00,1.8749661433047544,2.057506581601462,0.7560956626981321,"{'base_score': 0.5, 'booster': 'gbtree', 'colsample_bylevel': 1, 'colsample_bynode': 1, 'colsample_bytree': 1, 'gamma': 2.8321312153748424, 'importance_type': 'gain', 'learning_rate': 0.19674945209090833, 'max_delta_step': 0, 'max_depth': 12, 'min_child_weight': 1, 'missing': None, 'n_estimators': 1200, 'n_jobs': -1, 'nthread': None, 'objective': 'reg:squarederror', 'random_state': 0, 'reg_alpha': 22.975244750686056, 'reg_lambda': 1, 'scale_pos_weight': 1, 'seed': None, 'silent': None, 'subsample': 1, 'verbosity': 1}",26.50312268200014,"[14.250559 14.250559 14.250559 14.250559 14.250559 14.250559 14.250559
 14.250559 14.250559 14.250559 14.250559 14.250559 14.250559 14.250559
 14.250559 14.250559 14.250559 14.250559 14.250559 14.250559 14.250559
 14.250559 14.250559 14.250559 14.250559 14.250559 14.250559 14.250559
 14.250559 13.728882]","[14.0, 14.0, 14.0, 14.0, 14.0, 14.0, 14.0, 14.0, 14.0, 14.0, 14.0, 14.0, 14.0, 14.0, 14.0, 14.0, 14.0, 14.0, 14.0, 14.0, 14.0, 14.0, 14.0, 14.0, 14.0, 14.0, 14.0, 14.0, 14.0, 14.0]"
79,20:45:00,1.8197633997161342,1.66332999331662,0.5771473683205102,"{'base_score': 0.5, 'booster': 'gbtree', 'colsample_bylevel': 1, 'colsample_bynode': 1, 'colsample_bytree': 1, 'gamma': 5.984626239450844, 'importance_type': 'gain', 'learning_rate': 0.0776667813637224, 'max_delta_step': 0, 'max_depth': 16, 'min_child_weight': 1, 'missing': None, 'n_estimators': 1390, 'n_jobs': -1, 'nthread': None, 'objective': 'reg:squarederror', 'random_state': 0, 'reg_alpha': 1.3711416787802289, 'reg_lambda': 1, 'scale_pos_weight': 1, 'seed': None, 'silent': None, 'subsample': 1, 'verbosity': 1}",40.93118817499999,"[15.000082 15.000082 15.000082 15.000082 15.000082 15.000082 15.000082
 15.000082 15.000082 15.000082 15.000082 15.000082 15.000082 15.000082
 14.712081 14.712081 14.712081 14.712081 14.712081 14.712081 14.712081
 14.712081 14.712081 14.712081 14.712081 14.712081 14.712081 14.712081
 14.770207 14.770207]","[15.0, 15.0, 15.0, 15.0, 15.0, 15.0, 15.0, 15.0, 15.0, 15.0, 15.0, 15.0, 15.0, 15.0, 15.0, 15.0, 15.0, 15.0, 15.0, 15.0, 15.0, 15.0, 15.0, 15.0, 15.0, 15.0, 15.0, 15.0, 15.0, 15.0]"
80,21:00:00,1.6986106547398807,2.0816659994661326,0.8136987958230527,"{'base_score': 0.5, 'booster': 'gbtree', 'colsample_bylevel': 1, 'colsample_bynode': 1, 'colsample_bytree': 1, 'gamma': 3.301474324959467, 'importance_type': 'gain', 'learning_rate': 0.19851475896779155, 'max_delta_step': 0, 'max_depth': 14, 'min_child_weight': 1, 'missing': None, 'n_estimators': 1910, 'n_jobs': -1, 'nthread': None, 'objective': 'reg:squarederror', 'random_state': 0, 'reg_alpha': 23.200513244484362, 'reg_lambda': 1, 'scale_pos_weight': 1, 'seed': None, 'silent': None, 'subsample': 1, 'verbosity': 1}",35.845610259000296,"[15.402519 15.402519 15.402519 15.402519 15.402519 15.402519 15.402519
 15.402519 15.402519 15.402519 15.402519 15.402519 15.402519 15.402519
 15.402519 15.402519 15.402519 15.402519 15.402519 15.402519 15.402519
 15.402519 15.402519 15.402519 15.402519 15.402519 15.402519 15.402519
 15.402519 15.402519]","[15.0, 15.0, 15.0, 15.0, 15.0, 15.0, 15.0, 15.0, 15.0, 15.0, 15.0, 15.0, 15.0, 15.0, 15.0, 15.0, 15.0, 15.0, 15.0, 15.0, 15.0, 15.0, 15.0, 15.0, 15.0, 15.0, 15.0, 15.0, 15.0, 15.0]"
81,21:15:00,1.375622928493384,1.7888543819998317,0.48079428845433025,"{'base_score': 0.5, 'booster': 'gbtree', 'colsample_bylevel': 1, 'colsample_bynode': 1, 'colsample_bytree': 1, 'gamma': 3.7971515026717695, 'importance_type': 'gain', 'learning_rate': 0.24103178957634105, 'max_delta_step': 0, 'max_depth': 10, 'min_child_weight': 1, 'missing': None, 'n_estimators': 910, 'n_jobs': -1, 'nthread': None, 'objective': 'reg:squarederror', 'random_state': 0, 'reg_alpha': 3.6271767374385178, 'reg_lambda': 1, 'scale_pos_weight': 1, 'seed': None, 'silent': None, 'subsample': 1, 'verbosity': 1}",31.14345068900002,"[16.399517 16.399517 16.399517 16.399517 16.399517 16.399517 16.5023
 16.5023   16.5023   16.5023   16.490406 16.490406 16.490406 16.490406
 16.490406 16.490406 16.490406 16.490406 16.490406 16.490406 16.490406
 16.490406 16.490406 16.490406 16.490406 16.490406 16.490406 16.490406
 16.490406 16.490406]","[16.0, 16.0, 16.0, 16.0, 16.0, 16.0, 17.0, 17.0, 17.0, 17.0, 16.0, 16.0, 16.0, 16.0, 16.0, 16.0, 16.0, 16.0, 16.0, 16.0, 16.0, 16.0, 16.0, 16.0, 16.0, 16.0, 16.0, 16.0, 16.0, 16.0]"
82,21:30:00,1.6843817183258467,1.6431676725154984,0.5357602918474954,"{'base_score': 0.5, 'booster': 'gbtree', 'colsample_bylevel': 1, 'colsample_bynode': 1, 'colsample_bytree': 1, 'gamma': 5.008730663296087, 'importance_type': 'gain', 'learning_rate': 0.08890223207963938, 'max_delta_step': 0, 'max_depth': 14, 'min_child_weight': 1, 'missing': None, 'n_estimators': 1530, 'n_jobs': -1, 'nthread': None, 'objective': 'reg:squarederror', 'random_state': 0, 'reg_alpha': 4.64366004385664, 'reg_lambda': 1, 'scale_pos_weight': 1, 'seed': None, 'silent': None, 'subsample': 1, 'verbosity': 1}",35.63174427000013,"[17.052624 17.052624 17.052624 17.052624 17.052624 17.052624 17.066557
 17.066557 16.961266 16.961266 16.961266 16.961266 16.961266 16.961266
 16.961266 16.961266 16.961266 16.961266 16.961266 16.961266 16.961266
 16.961266 16.961266 16.961266 16.961266 16.961266 16.961266 16.961266
 16.961266 16.532484]","[17.0, 17.0, 17.0, 17.0, 17.0, 17.0, 17.0, 17.0, 17.0, 17.0, 17.0, 17.0, 17.0, 17.0, 17.0, 17.0, 17.0, 17.0, 17.0, 17.0, 17.0, 17.0, 17.0, 17.0, 17.0, 17.0, 17.0, 17.0, 17.0, 17.0]"
83,21:45:00,1.3230086336076652,1.559914527573012,0.5395694672985674,"{'base_score': 0.5, 'booster': 'gbtree', 'colsample_bylevel': 1, 'colsample_bynode': 1, 'colsample_bytree': 1, 'gamma': 4.208533054081101, 'importance_type': 'gain', 'learning_rate': 0.03846634076629845, 'max_delta_step': 0, 'max_depth': 16, 'min_child_weight': 1, 'missing': None, 'n_estimators': 1000, 'n_jobs': -1, 'nthread': None, 'objective': 'reg:squarederror', 'random_state': 0, 'reg_alpha': 2.8774236287244603, 'reg_lambda': 1, 'scale_pos_weight': 1, 'seed': None, 'silent': None, 'subsample': 1, 'verbosity': 1}",38.27573342300002,"[17.378738 17.378738 17.378738 17.378738 17.378738 17.378738 17.378738
 17.378738 17.378738 17.378738 17.378738 17.378738 17.378738 17.378738
 17.333216 17.333216 17.333216 17.333216 17.52938  17.52938  17.52938
 17.52938  17.52938  17.52938  17.52938  17.52938  17.52938  17.52938
 17.52938  17.52938 ]","[17.0, 17.0, 17.0, 17.0, 17.0, 17.0, 17.0, 17.0, 17.0, 17.0, 17.0, 17.0, 17.0, 17.0, 17.0, 17.0, 17.0, 17.0, 18.0, 18.0, 18.0, 18.0, 18.0, 18.0, 18.0, 18.0, 18.0, 18.0, 18.0, 18.0]"
84,22:00:00,0.7310596078209912,0.7745966692414834,0.5897090513500447,"{'base_score': 0.5, 'booster': 'gbtree', 'colsample_bylevel': 1, 'colsample_bynode': 1, 'colsample_bytree': 1, 'gamma': 8.505633567876625, 'importance_type': 'gain', 'learning_rate': 0.07971659982063264, 'max_delta_step': 0, 'max_depth': 12, 'min_child_weight': 1, 'missing': None, 'n_estimators': 360, 'n_jobs': -1, 'nthread': None, 'objective': 'reg:squarederror', 'random_state': 0, 'reg_alpha': 8.930380273157928, 'reg_lambda': 1, 'scale_pos_weight': 1, 'seed': None, 'silent': None, 'subsample': 1, 'verbosity': 1}",56.63386273800006,"[18.05737 18.05737 18.05737 18.05737 18.05737 18.05737 18.05737 18.05737
 18.05737 18.05737 18.05737 18.05737 18.05737 18.05737 18.05737 18.05737
 18.05737 18.05737 18.05737 18.05737 18.05737 18.05737 18.05737 18.05737
 18.05737 18.05737 18.05737 18.05737 18.05737 18.05737]","[18.0, 18.0, 18.0, 18.0, 18.0, 18.0, 18.0, 18.0, 18.0, 18.0, 18.0, 18.0, 18.0, 18.0, 18.0, 18.0, 18.0, 18.0, 18.0, 18.0, 18.0, 18.0, 18.0, 18.0, 18.0, 18.0, 18.0, 18.0, 18.0, 18.0]"
85,22:15:00,1.0033610496771328,0.983192080250175,0.6845710872162375,"{'base_score': 0.5, 'booster': 'gbtree', 'colsample_bylevel': 1, 'colsample_bynode': 1, 'colsample_bytree': 1, 'gamma': 3.9019868679486858, 'importance_type': 'gain', 'learning_rate': 0.28345945062709527, 'max_delta_step': 0, 'max_depth': 14, 'min_child_weight': 1, 'missing': None, 'n_estimators': 1190, 'n_jobs': -1, 'nthread': None, 'objective': 'reg:squarederror', 'random_state': 0, 'reg_alpha': 21.0321886687513, 'reg_lambda': 1, 'scale_pos_weight': 1, 'seed': None, 'silent': None, 'subsample': 1, 'verbosity': 1}",42.07117743699973,"[18.000214 18.000214 18.000214 18.000214 18.000214 18.000214 18.000214
 18.000214 18.000214 18.000214 18.000214 18.000214 18.000214 17.965105
 17.965105 17.965105 17.965105 17.965105 17.965105 17.965105 17.965105
 17.965105 17.965105 17.965105 17.965105 17.965105 17.965105 17.965105
 17.965105 17.965105]","[18.0, 18.0, 18.0, 18.0, 18.0, 18.0, 18.0, 18.0, 18.0, 18.0, 18.0, 18.0, 18.0, 18.0, 18.0, 18.0, 18.0, 18.0, 18.0, 18.0, 18.0, 18.0, 18.0, 18.0, 18.0, 18.0, 18.0, 18.0, 18.0, 18.0]"
86,22:30:00,0.6865760308900213,1.0,0.31293107245739443,"{'base_score': 0.5, 'booster': 'gbtree', 'colsample_bylevel': 1, 'colsample_bynode': 1, 'colsample_bytree': 1, 'gamma': 1.2969784978920873, 'importance_type': 'gain', 'learning_rate': 0.2725642020256542, 'max_delta_step': 0, 'max_depth': 14, 'min_child_weight': 1, 'missing': None, 'n_estimators': 540, 'n_jobs': -1, 'nthread': None, 'objective': 'reg:squarederror', 'random_state': 0, 'reg_alpha': 7.896009844881199, 'reg_lambda': 1, 'scale_pos_weight': 1, 'seed': None, 'silent': None, 'subsample': 1, 'verbosity': 1}",30.33423545100004,"[18.314548 18.314548 18.314548 18.314548 18.314548 18.314548 18.314548
 18.314548 18.314548 18.314548 18.314548 18.314548 18.314548 18.314548
 18.314548 18.314548 18.314548 18.314548 18.314548 18.314548 18.314548
 18.314548 18.314548 18.314548 18.314548 18.314548 18.314548 18.314548
 18.314548 18.281578]","[18.0, 18.0, 18.0, 18.0, 18.0, 18.0, 18.0, 18.0, 18.0, 18.0, 18.0, 18.0, 18.0, 18.0, 18.0, 18.0, 18.0, 18.0, 18.0, 18.0, 18.0, 18.0, 18.0, 18.0, 18.0, 18.0, 18.0, 18.0, 18.0, 18.0]"
87,22:45:00,0.4995698003267982,0.6582805886043833,0.4421201569391618,"{'base_score': 0.5, 'booster': 'gbtree', 'colsample_bylevel': 1, 'colsample_bynode': 1, 'colsample_bytree': 1, 'gamma': 3.7416083865309426, 'importance_type': 'gain', 'learning_rate': 0.18832908193962242, 'max_delta_step': 0, 'max_depth': 18, 'min_child_weight': 1, 'missing': None, 'n_estimators': 490, 'n_jobs': -1, 'nthread': None, 'objective': 'reg:squarederror', 'random_state': 0, 'reg_alpha': 6.385418152549803, 'reg_lambda': 1, 'scale_pos_weight': 1, 'seed': None, 'silent': None, 'subsample': 1, 'verbosity': 1}",37.539986526999655,"[18.722239 18.722239 18.722239 18.722239 18.722239 18.722239 18.722239
 18.722239 18.722239 18.722239 18.722239 18.722239 18.722239 18.722239
 18.485115 18.485115 18.485115 18.485115 18.485115 18.485115 18.485115
 18.715824 18.715824 18.715824 18.79611  18.79611  18.79611  18.79611
 18.79611  18.79611 ]","[19.0, 19.0, 19.0, 19.0, 19.0, 19.0, 19.0, 19.0, 19.0, 19.0, 19.0, 19.0, 19.0, 19.0, 18.0, 18.0, 18.0, 18.0, 18.0, 18.0, 18.0, 19.0, 19.0, 19.0, 19.0, 19.0, 19.0, 19.0, 19.0, 19.0]"
88,23:00:00,0.3927132477619411,0.2581988897471611,0.4374320561843649,"{'base_score': 0.5, 'booster': 'gbtree', 'colsample_bylevel': 1, 'colsample_bynode': 1, 'colsample_bytree': 1, 'gamma': 9.096719806205328, 'importance_type': 'gain', 'learning_rate': 0.30596035851725545, 'max_delta_step': 0, 'max_depth': 14, 'min_child_weight': 1, 'missing': None, 'n_estimators': 980, 'n_jobs': -1, 'nthread': None, 'objective': 'reg:squarederror', 'random_state': 0, 'reg_alpha': 1.0656710800507523, 'reg_lambda': 1, 'scale_pos_weight': 1, 'seed': None, 'silent': None, 'subsample': 1, 'verbosity': 1}",42.58297124899991,"[18.677874 18.677874 18.677874 18.677874 18.677874 18.677874 18.677874
 18.677874 18.677874 18.861244 18.861244 18.861244 18.861244 18.861244
 18.861244 18.861244 18.861244 18.861244 18.861244 18.861244 18.861244
 18.861244 18.861244 18.861244 18.861244 18.861244 18.861244 18.861244
 18.861244 18.861244]","[19.0, 19.0, 19.0, 19.0, 19.0, 19.0, 19.0, 19.0, 19.0, 19.0, 19.0, 19.0, 19.0, 19.0, 19.0, 19.0, 19.0, 19.0, 19.0, 19.0, 19.0, 19.0, 19.0, 19.0, 19.0, 19.0, 19.0, 19.0, 19.0, 19.0]"
89,23:15:00,0.21756553649902344,0.0,0.5664067935227517,"{'base_score': 0.5, 'booster': 'gbtree', 'colsample_bylevel': 1, 'colsample_bynode': 1, 'colsample_bytree': 1, 'gamma': 8.525357338557797, 'importance_type': 'gain', 'learning_rate': 0.0776315998142661, 'max_delta_step': 0, 'max_depth': 16, 'min_child_weight': 1, 'missing': None, 'n_estimators': 1470, 'n_jobs': -1, 'nthread': None, 'objective': 'reg:squarederror', 'random_state': 0, 'reg_alpha': 5.290694453723742, 'reg_lambda': 1, 'scale_pos_weight': 1, 'seed': None, 'silent': None, 'subsample': 1, 'verbosity': 1}",39.83804669900019,"[18.782434 18.782434 18.782434 18.782434 18.782434 18.782434 18.782434
 18.782434 18.782434 18.782434 18.782434 18.782434 18.782434 18.782434
 18.782434 18.782434 18.782434 18.782434 18.782434 18.782434 18.782434
 18.782434 18.782434 18.782434 18.782434 18.782434 18.782434 18.782434
 18.782434 18.782434]","[19.0, 19.0, 19.0, 19.0, 19.0, 19.0, 19.0, 19.0, 19.0, 19.0, 19.0, 19.0, 19.0, 19.0, 19.0, 19.0, 19.0, 19.0, 19.0, 19.0, 19.0, 19.0, 19.0, 19.0, 19.0, 19.0, 19.0, 19.0, 19.0, 19.0]"
